P,Video Name,Exercise,Type,Induced/Natural,Time Start (s),Time Stop (s),,Start Min,Start Sec,Sec,Finish Min,Finish Sec,Sec
2,P2 Frontal 1,BP,N,Induced,4,35,,,,,,,
2,P2 Frontal 1,BP,A,Induced,87,124,,,,,,,
2,P2 Frontal 1,BP,R,Induced,147,171,,,,,,,
2,P2 Frontal 1,BP,BB,Induced,210,235,,3,55,235,3,55,235
2,P2 Frontal 1,BP,Arch,Induced,303,340,,5,3,303,5,40,340
2,P2 Frontal 1,BP,40,Natural,495,507,,8,15,495,8,27,507
2,P2 Frontal 1,BP,25,Natural,585,606,,9,45,585,10,6,606
2,P2 Frontal 1,BP,30,Natural,684,698,,11,24,684,11,38,698
2,P2 Frontal 1,BP,35,Natural,775,797,,12,55,775,13,17,797
2,P2 Frontal 2,Row,N,Induced,12,32,,0,12,12,0,32,32
2,P2 Frontal 2,Row,A,Induced,68,96,,1,8,68,1,36,96
2,P2 Frontal 2,Row,R,Induced,127,144,,2,7,127,2,24,144
2,P2 Frontal 2,Row,Ext,Induced,288,314,,4,48,288,5,14,314
2,P2 Frontal 2,Row,RB,Induced,355,383,,5,55,355,6,23,383
2,P2 Frontal 2,Row,30,Natural,581,599,,9,41,581,9,59,599
2,P2 Frontal 2,Row,35,Natural,671,686,,11,11,671,11,26,686
2,P2 Frontal 2,Row,42.5,Natural,781,791,,13,1,781,13,11,791
2,P2 Frontal 2,Row,45,Natural,1021,1030,,17,1,1021,17,10,1030
2,P2 Frontal 2,Row,50,Natural,1220,1229,,20,20,1220,20,29,1229
2,P2 Frontal 2,Row,55,Natural,1423,1436,,23,43,1423,23,56,1436
2,P2 Frontal 3,MP,A,Induced,7,29,,0,7,7,0,29,29
2,P2 Frontal 3,MP,R,Induced,52,71,,0,52,52,1,11,71
2,P2 Frontal 3,MP,Arch,Induced,97,125,,1,37,97,2,5,125
2,P2 Frontal 3,MP,20,Natural,224,237,,3,44,224,3,57,237
2,P2 Frontal 3,MP,25,Natural,427,441,,7,7,427,7,21,441
2,P2 Frontal 3,MP,30,Natural,532,543,,8,52,532,9,3,543
2,P2 Frontal 4,CU,N,Natural,26,46,,0,26,26,0,46,46
2,P2 Frontal 4,PU,N,Natural,275,295,,4,35,275,4,55,295
3,P3 Frontal 1,BP,N,Induced,23,44,,0,23,23,0,44,44
3,P3 Frontal 1,BP,A,Induced,79,102,,1,19,79,1,42,102
3,P3 Frontal 1,BP,R,Induced,128,148,,2,8,128,2,28,148
3,P3 Frontal 1,BP,BB,Induced,169,185,,2,49,169,3,5,185
3,P3 Frontal 1,BP,Arch,Induced,252,275,,4,12,252,4,35,275
3,P3 Frontal 1,BP,60,Natural,523,538,,8,43,523,8,58,538
3,P3 Frontal 1,BP,75,Natural,744,758,,12,24,744,12,38,758
3,P3 Frontal 1,BP,87.5,Natural,989,1006,,16,29,989,16,46,1006
3,P3 Frontal 1,BP,90,Natural,1185,1202,,19,45,1185,20,2,1202
3,P3 Frontal 1,BP,92.5,Natural,1380,1393,,23,0,1380,23,13,1393
3,P3 Frontal 2,Row,N,Induced,1,14,,0,1,1,0,14,14
3,P3 Frontal 2,Row,A,Induced,38,52,,0,38,38,0,52,52
3,P3 Frontal 2,Row,R,Induced,73,87,,1,13,73,1,27,87
3,P3 Frontal 2,Row,Ext,Induced,123,140,,2,3,123,2,20,140
3,P3 Frontal 2,Row,Ext 2,Induced,168,188,,2,48,168,3,8,188
3,P3 Frontal 2,Row,RB,Induced,203,220,,3,23,203,3,40,220
3,P3 Frontal 2,Row,50,Natural,448,459,,7,28,448,7,39,459
3,P3 Frontal 2,Row,70,Natural,649,655,,10,49,649,10,55,655
3,P3 Frontal 2,Row,77.5,Natural,844,851,,14,4,844,14,11,851
3,P3 Frontal 2,Row,82.5,Natural,1007,1014,,16,47,1007,16,54,1014
3,P3 Frontal 2,Row,87.5,Natural,1193,1202,,19,53,1193,20,2,1202
3,P3 Frontal 2,Row,90,Natural,1320,1330,,22,0,1320,22,10,1330
3,P3 Frontal 3,PU,N,Natural,7,56,,0,7,7,0,56,56
4,P4 Front,BP,N,Induced,41,77,,0,41,41,1,17,77
4,P4 Front,BP,A,Induced,148,187,,2,28,148,3,7,187
4,P4 Front,BP,R,Induced,234,262,,3,54,234,4,22,262
4,P4 Front,BP,BB,Induced,306,333,,5,6,306,5,33,333
4,P4 Front,BP,Arch,Induced,369,406,,6,9,369,6,46,406
4,P4 Front,BP,20,Natural,474,498,,7,54,474,8,18,498
4,P4 Front,BP,25,Natural,586,600,,9,46,586,10,0,600
4,P4 Front,BP,30,Natural,720,736,,12,0,720,12,16,736
4,P4 Front,BP,35,Natural,844,861,,14,4,844,14,21,861
4,P4 Front,Row,N,Induced,1051,1073,,17,31,1051,17,53,1073
4,P4 Front,Row,A,Induced,1116,1143,,18,36,1116,19,3,1143
4,P4 Front,Row,R,Induced,1170,1192,,19,30,1170,19,52,1192
4,P4 Front,Row,Ext,Induced,1219,1250,,20,19,1219,20,50,1250
4,P4 Front,Row,Ext 2,Induced,1272,1302,,21,12,1272,21,42,1302
4,P4 Front,Row,RB,Induced,1330,1353,,22,10,1330,22,33,1353
4,P4 Front,Row,25,Natural,1400,1418,,23,20,1400,23,38,1418
4,P4 Front,Row,30,Natural,1495,1507,,24,55,1495,25,7,1507
4,P4 Front,Row,35,Natural,1603,1614,,26,43,1603,26,54,1614
4,P4 Front,Row,37.5,Natural,1810,1819,,30,10,1810,30,19,1819
4,P4 Front,Row,40,Natural,1950,1960,,32,30,1950,32,40,1960
4,P4 Front,MP,N,Induced,2066,2091,,34,26,2066,34,51,2091
4,P4 Front,MP,A,Induced,2113,2141,,35,13,2113,35,41,2141
4,P4 Front,MP,R,Induced,2170,2195,,36,10,2170,36,35,2195
4,P4 Front,MP,Arch,Induced,2247,2283,,37,27,2247,38,3,2283
4,P4 Front,MP,20,Natural,2430,2455,,40,30,2430,40,55,2455
4,P4 Front,MP,22.5,Natural,2512,2528,,41,52,2512,42,8,2528
5,P5 Front,BP,N,Induced,8,37,,0,8,8,0,37,37
5,P5 Front,BP,A,Induced,92,124,,1,32,92,2,4,124
5,P5 Front,BP,R,Induced,152,180,,2,32,152,3,0,180
5,P5 Front,BP,BB,Induced,209,234,,3,29,209,3,54,234
5,P5 Front,BP,Arch,Induced,266,293,,4,26,266,4,53,293
5,P5 Front,BP,25,Natural,397,414,,6,37,397,6,54,414
5,P5 Front,BP,32.5,Natural,501,513,,8,21,501,8,33,513
5,P5 Front,BP,35,Natural,574,588,,9,34,574,9,48,588
5,P5 Front,BP,37.5,Natural,660,676,,11,0,660,11,16,676
5,P5 Front,BP,40,Natural,774,785,,12,54,774,13,5,785
5,P5 Front,BP,60% 25,Natural,921,957,,15,21,921,15,57,957
5,P5 Front,Row,N,Induced,1108,1128,,18,28,1108,18,48,1128
5,P5 Front,Row,A,Induced,1161,1180,,19,21,1161,19,40,1180
5,P5 Front,Row,R,Induced,1201,1220,,20,1,1201,20,20,1220
5,P5 Front,Row,Ext,Induced,1257,1277,,20,57,1257,21,17,1277
5,P5 Front,Row,Ext 2,Induced,1301,1322,,21,41,1301,22,2,1322
5,P5 Front,Row,RB,Induced,1346,1364,,22,26,1346,22,44,1364
5,P5 Front,Row,27.5,Natural,1462,1478,,24,22,1462,24,38,1478
5,P5 Front,Row,30,Natural,1524,1536,,25,24,1524,25,36,1536
5,P5 Front,Row,35,Natural,1581,1592,,26,21,1581,26,32,1592
5,P5 Front,Row,40,Natural,1669,1677,,27,49,1669,27,57,1677
5,P5 Front,Row,42.5,Natural,1726,1735,,28,46,1726,28,55,1735
5,P5 Front,Row,45,Natural,1788,1796,,29,48,1788,29,56,1796
5,P5 Front,Row,60% 30,Natural,1877,1908,,31,17,1877,31,48,1908
5,P5 Front,MP,N,Induced,2334,2355,,38,54,2334,39,15,2355
5,P5 Front,MP,A,Induced,2377,2400,,39,37,2377,40,0,2400
5,P5 Front,MP,R,Induced,2421,2444,,40,21,2421,40,44,2444
5,P5 Front,MP,Arch,Induced,2459,2488,,40,59,2459,41,28,2488
5,P5 Front,MP,20,Natural,2543,2564,,42,23,2543,42,44,2564
5,P5 Front,MP,25,Natural,2604,2625,,43,24,2604,43,45,2625
5,P5 Front,MP,27.5,Natural,2682,2692,,44,42,2682,44,52,2692
5,P5 Front,CU,N,Natural,2839,2862,,47,19,2839,47,42,2862
5,P5 Front,PU,N,Natural,2955,3004,,49,15,2955,50,4,3004
5,P5 Front,SLR,N,Natural,3460,3476,,57,40,3460,57,56,3476
5,P5 Front,MT,N,Natural,3518,3540,,58,38,3518,59,0,3540
6,P6 Front 1,BP,N,Induced,22,40,,0,22,22,0,40,40
6,P6 Front 1,BP,A,Induced,91,122,,1,31,91,2,2,122
6,P6 Front 1,BP,R,Induced,172,194,,2,52,172,3,14,194
6,P6 Front 1,BP,BB,Induced,250,268,,4,10,250,4,28,268
6,P6 Front 1,BP,Arch,Induced,343,367,,5,43,343,6,7,367
6,P6 Front 1,BP,80,Natural,552,567,,9,12,552,9,27,567
6,P6 Front 1,BP,90,Natural,754,766,,12,34,754,12,46,766
6,P6 Front 1,BP,92.5,Natural,944,959,,15,44,944,15,59,959
6,P6 Front 1,BP,95,Natural,1185,1208,,19,45,1185,20,8,1208
6,P6 Front 1,BP,102.5,Natural,1436,1447,,23,56,1436,24,7,1447
6,P6 Front 1,BP,60% 60,Natural,1578,1625,,26,18,1578,27,5,1625
6,P6 Front 1,Row,N,Induced,1845,1861,,30,45,1845,31,1,1861
6,P6 Front 1,Row,A,Induced,1898,1920,,31,38,1898,32,0,1920
6,P6 Front 1,Row,R,Induced,1955,1970,,32,35,1955,32,50,1970
6,P6 Front 1,Row,Ext,Induced,2011,2029,,33,31,2011,33,49,2029
6,P6 Front 1,Row,Ext 2,Induced,2174,2193,,36,14,2174,36,33,2193
6,P6 Front 1,Row,RB,Induced,2225,2241,,37,5,2225,37,21,2241
6,P6 Front 1,Row,70,Natural,2362,2372,,39,22,2362,39,32,2372
6,P6 Front 1,Row,80,Natural,2505,2513,,41,45,2505,41,53,2513
6,P6 Front 1,Row,90,Natural,2649,2657,,44,9,2649,44,17,2657
6,P6 Front 1,Row,60% 50,Natural,2827,2846,,47,7,2827,47,26,2846
6,P6 Front 1,MP,N,Induced,3055,3080,,50,55,3055,51,20,3080
6,P6 Front 1,MP,A,Induced,3183,3209,,53,3,3183,53,29,3209
6,P6 Front 1,MP,R,Induced,3226,3242,,53,46,3226,54,2,3242
6,P6 Front 1,MP,Arch,Induced,3265,3288,,54,25,3265,54,48,3288
6,P6 Front 1,MP,40,Natural,3363,3380,,56,3,3363,56,20,3380
6,P6 Front 2,MP,50,Natural,N/A,N/A,,N/A,N/A,N/A,N/A,N/A,N/A
6,P6 Front 2,MP,55,Natural,32,46,,0,32,32,0,46,46
6,P6 Front 2,MP,60,Natural,275,294,,4,35,275,4,54,294
6,P6 Front 2,MP,62.5,Natural,473,484,,7,53,473,8,4,484
6,P6 Front 2,MP,60% 40,Natural,591,622,,9,51,591,10,22,622
6,P6 Front 2,CU,N,Natural,750,785,,12,30,750,13,5,785
6,P6 Front 2,PU,N,Natural,893,930,,14,53,893,15,30,930
6,P6 Front 2,SLR,N,Natural,1213,1224,,20,13,1213,20,24,1224
6,P6 Front 2,MT,N,Natural,1268,1290,,21,8,1268,21,30,1290
7,P7 Front 1,BP,N,Induced,31,66,,0,31,31,1,6,66
7,P7 Front 1,BP,A,Induced,108,152,,1,48,108,2,32,152
7,P7 Front 1,BP,R,Induced,173,209,,2,53,173,3,29,209
7,P7 Front 1,BP,BB,Induced,244,268,,4,4,244,4,28,268
7,P7 Front 1,BP,Arch,Induced,351,387,,5,51,351,6,27,387
7,P7 Front 1,BP,50,Natural,547,574,,9,7,547,9,34,574
7,P7 Front 1,BP,60,Natural,683,699,,11,23,683,11,39,699
7,P7 Front 1,BP,55,Natural,794,813,,13,14,794,13,33,813
7,P7 Front 1,BP,60% 35,Natural,951,997,,15,51,951,16,37,997
7,P7 Front 1,Row,N,Induced,1284,1307,,21,24,1284,21,47,1307
7,P7 Front 1,Row,A,Induced,1375,1398,,22,55,1375,23,18,1398
7,P7 Front 1,Row,R,Induced,1431,1448,,23,51,1431,24,8,1448
7,P7 Front 1,Row,Ext,Induced,1519,1540,,25,19,1519,25,40,1540
7,P7 Front 1,Row,RB,Induced,1570,1593,,26,10,1570,26,33,1593
7,P7 Front 2,Row,30,Natural,6,20,,0,6,6,0,20,20
7,P7 Front 2,Row,40,Natural,109,118,,1,49,109,1,58,118
7,P7 Front 2,Row,50,Natural,241,252,,4,1,241,4,12,252
7,P7 Front 2,Row,60,Natural,358,370,,5,58,358,6,10,370
7,P7 Front 2,Row,60% 30,Natural,497,534,,8,17,497,8,54,534
7,P7 Front 2,MP,N,Induced,716,747,,11,56,716,12,27,747
7,P7 Front 2,MP,A,Induced,792,821,,13,12,792,13,41,821
7,P7 Front 2,MP,R,Induced,842,861,,14,2,842,14,21,861
7,P7 Front 2,MP,Arch,Induced,891,914,,14,51,891,15,14,914
7,P7 Front 2,MP,20,Natural,1094,1117,,18,14,1094,18,37,1117
7,P7 Front 2,MP,25,Natural,1182,1194,,19,42,1182,19,54,1194
7,P7 Front 2,CU,N,Natural,1409,1420,,23,29,1409,23,40,1420
7,P7 Front 2,PU,N,Natural,1560,1583,,26,0,1560,26,23,1583
7,P7 Front 2,SLR,N,Natural,1954,1970,,32,34,1954,32,50,1970
7,P7 Front 2,MT,N,Natural,2039,2070,,33,59,2039,34,30,2070
8,P8 Front,BP,N,Induced,68,97,,1,8,68,1,37,97
8,P8 Front,BP,A,Induced,170,198,,2,50,170,3,18,198
8,P8 Front,BP,R,Induced,224,252,,3,44,224,4,12,252
8,P8 Front,BP,BB,Induced,276,300,,4,36,276,5,0,300
8,P8 Front,BP,Arch,Induced,331,366,,5,31,331,6,6,366
8,P8 Front,BP,20,Natural,440,461,,7,20,440,7,41,461
8,P8 Front,BP,25,Natural,544,558,,9,4,544,9,18,558
8,P8 Front,BP,27.5,Natural,688,702,,11,28,688,11,42,702
8,P8 Front,BP,60% 20,Natural,797,843,,13,17,797,14,3,843
8,P8 Front,Row,N,Induced,1056,1071,,17,36,1056,17,51,1071
8,P8 Front,Row,A,Induced,1106,1127,,18,26,1106,18,47,1127
8,P8 Front,Row,R,Induced,1152,1174,,19,12,1152,19,34,1174
8,P8 Front,Row,Ext,Induced,1195,1225,,19,55,1195,20,25,1225
8,P8 Front,Row,RB,Induced,1264,1279,,21,4,1264,21,19,1279
8,P8 Front,Row,30,Natural,1395,1406,,23,15,1395,23,26,1406
8,P8 Front,Row,35,Natural,1532,1541,,25,32,1532,25,41,1541
8,P8 Front,Row,37.5,Natural,1600,1611,,26,40,1600,26,51,1611
8,P8 Front,Row,40,Natural,1678,1692,,27,58,1678,28,12,1692
8,P8 Front,Row,60% 27.5,Natural,1787,1828,,29,47,1787,30,28,1828
8,P8 Front,MP,N,Induced,1951,1975,,32,31,1951,32,55,1975
8,P8 Front,MP,A,Induced,2002,2031,,33,22,2002,33,51,2031
8,P8 Front,MP,R,Induced,2055,2079,,34,15,2055,34,39,2079
8,P8 Front,MP,Arch,Induced,2106,2134,,35,6,2106,35,34,2134
8,P8 Front,MP,20,Natural,2291,2310,,38,11,2291,38,30,2310
8,P8 Front,CU,N,Natural,2551,2572,,42,31,2551,42,52,2572
8,P8 Front,PU,N,Natural,2818,2853,,46,58,2818,47,33,2853
8,P8 Front,SLR,N,Natural,3293,3306,,54,53,3293,55,6,3306
8,P8 Front,MT,N,Natural,3327,3350,,55,27,3327,55,50,3350
9,P9 Front,BP,N,Induced,385,414,,6,25,385,6,54,414
9,P9 Front,BP,A,Induced,446,482,,7,26,446,8,2,482
9,P9 Front,BP,R,Induced,510,534,,8,30,510,8,54,534
9,P9 Front,BP,BB,Induced,557,581,,9,17,557,9,41,581
9,P9 Front,BP,Arch,Induced,611,639,,10,11,611,10,39,639
9,P9 Front,BP,55,Natural,778,798,,12,58,778,13,18,798
9,P9 Front,BP,60,Natural,902,916,,15,2,902,15,16,916
9,P9 Front,BP,65,Natural,1018,1035,,16,58,1018,17,15,1035
9,P9 Front,BP,67.5,Natural,1183,1200,,19,43,1183,20,0,1200
9,P9 Front,BP,70,Natural,1370,1385,,22,50,1370,23,5,1385
9,P9 Front,BP,60% 42.5,Natural,1542,1584,,25,42,1542,26,24,1584
9,P9 Front,Row,N,Induced,1734,1753,,28,54,1734,29,13,1753
9,P9 Front,Row,A,Induced,1787,1808,,29,47,1787,30,8,1808
9,P9 Front,Row,R,Induced,1834,1852,,30,34,1834,30,52,1852
9,P9 Front,Row,Ext,Induced,1920,1950,,32,0,1920,32,30,1950
9,P9 Front,Row,RB,Induced,2125,2143,,35,25,2125,35,43,2143
9,P9 Front,Row,60,Natural,2254,2268,,37,34,2254,37,48,2268
9,P9 Front,Row,65,Natural,2395,2403,,39,55,2395,40,3,2403
9,P9 Front,Row,70,Natural,2466,2475,,41,6,2466,41,15,2475
9,P9 Front,Row,77.5,Natural,2549,2560,,42,29,2549,42,40,2560
9,P9 Front,Row,60% 60,Natural,2761,2779,,46,1,2761,46,19,2779
9,P9 Front,MP,N,Induced,3048,3086,,50,48,3048,51,26,3086
9,P9 Front,MP,A,Induced,3184,3213,,53,4,3184,53,33,3213
9,P9 Front,MP,R,Induced,3238,3267,,53,58,3238,54,27,3267
9,P9 Front,MP,Arch,Induced,3296,3330,,54,56,3296,55,30,3330
9,P9 Front,MP,20,Natural,3393,3416,,56,33,3393,56,56,3416
9,P9 Front,MP,30,Natural,3475,3491,,57,55,3475,58,11,3491
9,P9 Front,MP,40,Natural,3555,3571,,59,15,3555,59,31,3571
9,P9 Front,MP,60% 25,Natural,3744,3777,,62,24,3744,62,57,3777
9,P9 Front,CU,N,Natural,3949,3991,,65,49,3949,66,31,3991
9,P9 Front,PU,N,Natural,4098,4132,,68,18,4098,68,52,4132
9,P9 Front,SLR,N,Natural,4406,4423,,73,26,4406,73,43,4423
9,P9 Front,MT,N,Natural,4460,4490,,74,20,4460,74,50,4490
10,P10 Front,BP,N,Induced,13,34,,0,13,13,0,34,34
10,P10 Front,BP,A,Induced,78,105,,1,18,78,1,45,105
10,P10 Front,BP,R,Induced,136,158,,2,16,136,2,38,158
10,P10 Front,BP,BB,Induced,187,208,,3,7,187,3,28,208
10,P10 Front,BP,Arch,Induced,250,273,,4,10,250,4,33,273
10,P10 Front,BP,60,Natural,344,359,,5,44,344,5,59,359
10,P10 Front,BP,80,Natural,517,528,,8,37,517,8,48,528
10,P10 Front,BP,90,Natural,758,768,,12,38,758,12,48,768
10,P10 Front,BP,100,Natural,1087,1100,,18,7,1087,18,20,1100
10,P10 Front,BP,60% 60,Natural,1191,1240,,19,51,1191,20,40,1240
10,P10 Front,Row,N,Induced,1396,1408,,23,16,1396,23,28,1408
10,P10 Front,Row,A,Induced,1464,1483,,24,24,1464,24,43,1483
10,P10 Front,Row,R,Induced,1527,1547,,25,27,1527,25,47,1547
10,P10 Front,Row,Ext,Induced,1590,1614,,26,30,1590,26,54,1614
10,P10 Front,Row,RB,Induced,1663,1681,,27,43,1663,28,1,1681
10,P10 Front,Row,60,Natural,1860,1869,,31,0,1860,31,9,1869
10,P10 Front,Row,80,Natural,2021,2029,,33,41,2021,33,49,2029
10,P10 Front,Row,90,Natural,2263,2272,,37,43,2263,37,52,2272
10,P10 Front,Row,60% 60,Natural,2349,2384,,39,9,2349,39,44,2384
10,P10 Front,MP,N,Induced,2529,2555,,42,9,2529,42,35,2555
10,P10 Front,MP,A,Induced,2613,2641,,43,33,2613,44,1,2641
10,P10 Front,MP,R,Induced,2692,2714,,44,52,2692,45,14,2714
10,P10 Front,MP,Arch,Induced,2743,2769,,45,43,2743,46,9,2769
10,P10 Front,MP,20,Natural,3000,3021,,50,0,3000,50,21,3021
10,P10 Front,MP,40,Natural,3209,3223,,53,29,3209,53,43,3223
10,P10 Front,MP,50,Natural,3543,3560,,59,3,3543,59,20,3560
10,P10 Front,MP,60% 30,Natural,4103,4154,,68,23,4103,69,14,4154
10,P10 Front,CU,N,Natural,4471,4517,,74,31,4471,75,17,4517
10,P10 Front,PU,N,Natural,4631,4684,,77,11,4631,78,4,4684
10,P10 Front,SLR,N,Natural,4930,4946,,82,10,4930,82,26,4946
10,P10 Front,MT,N,Natural,5000,5044,,83,20,5000,84,4,5044
11,P11 Front,BP,N,Induced,1,30,,0,1,1,0,30,30
11,P11 Front,BP,A,Induced,48,83,,0,48,48,1,23,83
11,P11 Front,BP,R,Induced,100,134,,1,40,100,2,14,134
11,P11 Front,BP,Arch,Induced,204,242,,3,24,204,4,2,242
11,P11 Front,BP,60,Natural,340,356,,5,40,340,5,56,356
11,P11 Front,BP,100,Natural,435,445,,7,15,435,7,25,445
11,P11 Front,BP,120,Natural,582,603,,9,42,582,10,3,603
11,P11 Front,BP,125,Natural,804,814,,13,24,804,13,34,814
11,P11 Front,BP,60% 75,Natural,928,971,,15,28,928,16,11,971
11,P11 Front,Row,N,Induced,1101,1118,,18,21,1101,18,38,1118
11,P11 Front,Row,A,Induced,1145,1165,,19,5,1145,19,25,1165
11,P11 Front,Row,R,Induced,1190,1207,,19,50,1190,20,7,1207
11,P11 Front,Row,Ext,Induced,1232,1250,,20,32,1232,20,50,1250
11,P11 Front,Row,RB,Induced,1276,1302,,21,16,1276,21,42,1302
11,P11 Front,Row,60,Natural,1369,1378,,22,49,1369,22,58,1378
11,P11 Front,Row,80,Natural,1455,1461,,24,15,1455,24,21,1461
11,P11 Front,Row,100,Natural,1541,1552,,25,41,1541,25,52,1552
11,P11 Front,Row,110,Natural,1617,1626,,26,57,1617,27,6,1626
11,P11 Front,Row,60% 60,Natural,1764,1793,,29,24,1764,29,53,1793
11,P11 Front,MP,N,Induced,1977,1993,,32,57,1977,33,13,1993
11,P11 Front,MP,A,Induced,2035,2057,,33,55,2035,34,17,2057
11,P11 Front,MP,R,Induced,2078,2100,,34,38,2078,35,0,2100
11,P11 Front,MP,Arch,Induced,2126,2151,,35,26,2126,35,51,2151
11,P11 Front,MP,50,Natural,2234,2252,,37,14,2234,37,32,2252
11,P11 Front,MP,60,Natural,2311,2329,,38,31,2311,38,49,2329
11,P11 Front,MP,60% 35,Natural,2443,2477,,40,43,2443,41,17,2477
11,P11 Front,CU,N,Natural,2712,2756,,45,12,2712,45,56,2756
11,P11 Front,PU,N,Natural,2843,2894,,47,23,2843,48,14,2894
11,P11 Front,SLR,N,Natural,3214,3228,,53,34,3214,53,48,3228
11,P11 Front,MT,N,Natural,3273,3298,,54,33,3273,54,58,3298
12,P12 Front,BP,N,Induced,30,54,,0,30,30,0,54,54
12,P12 Front,BP,A,Induced,105,133,,1,45,105,2,13,133
12,P12 Front,BP,R,Induced,162,190,,2,42,162,3,10,190
12,P12 Front,BP,BB,Induced,244,263,,4,4,244,4,23,263
12,P12 Front,BP,Arch,Induced,309,337,,5,9,309,5,37,337
12,P12 Front,BP,30,Natural,463,483,,7,43,463,8,3,483
12,P12 Front,BP,40,Natural,613,625,,10,13,613,10,25,625
12,P12 Front,BP,50,Natural,775,785,,12,55,775,13,5,785
12,P12 Front,BP,62.5,Natural,934,947,,15,34,934,15,47,947
12,P12 Front,BP,65,Natural,1052,1065,,17,32,1052,17,45,1065
12,P12 Front,BP,70,Natural,1275,1287,,21,15,1275,21,27,1287
12,P12 Front,BP,60% 42.5,Natural,1490,1529,,24,50,1490,25,29,1529
12,P12 Front,Row,N,Induced,1864,1883,,31,4,1864,31,23,1883
12,P12 Front,Row,A,Induced,1934,1963,,32,14,1934,32,43,1963
12,P12 Front,Row,R,Induced,1997,2015,,33,17,1997,33,35,2015
12,P12 Front,Row,Ext,Induced,2071,2093,,34,31,2071,34,53,2093
12,P12 Front,Row,RB,Induced,2133,2154,,35,33,2133,35,54,2154
12,P12 Front,Row,30,Natural,2278,2299,,37,58,2278,38,19,2299
12,P12 Front,Row,35,Natural,2424,2436,,40,24,2424,40,36,2436
12,P12 Front,Row,45,Natural,2563,2571,,42,43,2563,42,51,2571
12,P12 Front,Row,50,Natural,2726,2732,,45,26,2726,45,32,2732
12,P12 Front,Row,55,Natural,2814,2823,,46,54,2814,47,3,2823
12,P12 Front,Row,60% 32.5,Natural,2938,2978,,48,58,2938,49,38,2978
12,P12 Front,MP,N,Induced,3399,3424,,56,39,3399,57,4,3424
12,P12 Front,MP,A,Induced,3465,3494,,57,45,3465,58,14,3494
12,P12 Front,MP,R,Induced,3516,3543,,58,36,3516,59,3,3543
12,P12 Front,MP,Arch,Induced,3568,3600,,59,28,3568,60,0,3600
12,P12 Front,MP,20,Natural,3657,3670,,60,57,3657,61,10,3670
12,P12 Front,MP,25,Natural,3786,3795,,63,6,3786,63,15,3795
12,P12 Front,MP,32.5,Natural,3928,3937,,65,28,3928,65,37,3937
12,P12 Front,MP,35,Natural,4055,4065,,67,35,4055,67,45,4065
12,P12 Front,CU,N,Natural,4178,4197,,69,38,4178,69,57,4197
12,P12 Front,PU,N,Natural,4357,4384,,72,37,4357,73,4,4384
12,P12 Front,SLR,N,Natural,4715,4732,,78,35,4715,78,52,4732
12,P12 Front,MT,N,Natural,4806,4832,,80,6,4806,80,32,4832
13,P13 Front,BP,N,Induced,17,36,,0,17,17,0,36,36
13,P13 Front,BP,A,Induced,67,102,,1,7,67,1,42,102
13,P13 Front,BP,R,Induced,131,152,,2,11,131,2,32,152
13,P13 Front,BP,BB,Induced,174,196,,2,54,174,3,16,196
13,P13 Front,BP,Arch,Induced,238,265,,3,58,238,4,25,265
13,P13 Front,BP,75,Natural,466,492,,7,46,466,8,12,492
13,P13 Front,BP,85,Natural,613,625,,10,13,613,10,25,625
13,P13 Front,BP,95,Natural,760,770,,12,40,760,12,50,770
13,P13 Front,BP,102.5,Natural,913,928,,15,13,913,15,28,928
13,P13 Front,BP,107.5,Natural,1053,1070,,17,33,1053,17,50,1070
13,P13 Front,BP,60% 65,Natural,1206,1245,,20,6,1206,20,45,1245
13,P13 Front,Row,N,Induced,1524,1541,,25,24,1524,25,41,1541
13,P13 Front,Row,A,Induced,1570,1588,,26,10,1570,26,28,1588
13,P13 Front,Row,R,Induced,1613,1630,,26,53,1613,27,10,1630
13,P13 Front,Row,Ext,Induced,1662,1680,,27,42,1662,28,0,1680
13,P13 Front,Row,RB,Induced,1713,1730,,28,33,1713,28,50,1730
13,P13 Front,Row,40,Natural,1934,1946,,32,14,1934,32,26,1946
13,P13 Front,Row,60,Natural,2045,2052,,34,5,2045,34,12,2052
13,P13 Front,MP,N,Induced,2374,2399,,39,34,2374,39,59,2399
13,P13 Front,MP,A,Induced,2450,2481,,40,50,2450,41,21,2481
13,P13 Front,MP,R,Induced,2507,2534,,41,47,2507,42,14,2534
13,P13 Front,MP,Arch,Induced,2561,2595,,42,41,2561,43,15,2595
13,P13 Front,MP,30,Natural,2722,2747,,45,22,2722,45,47,2747
13,P13 Front,MP,40,Natural,2827,2844,,47,7,2827,47,24,2844
13,P13 Front,MP,45,Natural,2950,2963,,49,10,2950,49,23,2963
13,P13 Front,MP,60% 30,Natural,3093,3125,,51,33,3093,52,5,3125
13,P13 Front,CU,N,Natural,3314,3356,,55,14,3314,55,56,3356
13,P13 Front,PU,N,Natural,3484,3554,,58,4,3484,59,14,3554
13,P13 Front,SLR,N,Natural,3877,3896,,64,37,3877,64,56,3896
13,P13 Front,MT,N,Natural,3956,4002,,65,56,3956,66,42,4002
14,P14 Front 1,BP,N,Induced,8,36,,0,8,8,0,36,36
14,P14 Front 1,BP,A,Induced,63,101,,1,3,63,1,41,101
14,P14 Front 1,BP,R,Induced,121,148,,2,1,121,2,28,148
14,P14 Front 1,BP,BB,Induced,166,188,,2,46,166,3,8,188
14,P14 Front 1,BP,Arch,Induced,213,238,,3,33,213,3,58,238
14,P14 Front 1,BP,70,Natural,357,375,,5,57,357,6,15,375
14,P14 Front 1,BP,80,Natural,524,544,,8,44,524,9,4,544
14,P14 Front 1,BP,90,Natural,734,762,,12,14,734,12,42,762
14,P14 Front 2,BP,92.5,Natural,18,31,,0,18,18,0,31,31
14,P14 Front 2,BP,60% 55,Natural,124,160,,2,4,124,2,40,160
14,P14 Front 2,Row,N,Induced,325,343,,5,25,325,5,43,343
14,P14 Front 2,Row,A,Induced,369,389,,6,9,369,6,29,389
14,P14 Front 2,Row,R,Induced,416,438,,6,56,416,7,18,438
14,P14 Front 2,Row,Ext,Induced,468,490,,7,48,468,8,10,490
14,P14 Front 2,Row,RB,Induced,528,547,,8,48,528,9,7,547
14,P14 Front 2,Row,45,Natural,644,658,,10,44,644,10,58,658
14,P14 Front 2,Row,55,Natural,727,736,,12,7,727,12,16,736
14,P14 Front 2,Row,62.5,Natural,847,858,,14,7,847,14,18,858
14,P14 Front 2,Row,65,Natural,937,948,,15,37,937,15,48,948
14,P14 Front 2,Row,70,Natural,1022,1032,,17,2,1022,17,12,1032
14,P14 Front 2,Row,60% 42.5,Natural,1147,1166,,19,7,1147,19,26,1166
14,P14 Front 2,MP,N,Induced,1306,1331,,21,46,1306,22,11,1331
14,P14 Front 2,MP,A,Induced,1370,1392,,22,50,1370,23,12,1392
14,P14 Front 2,MP,R,Induced,1424,1444,,23,44,1424,24,4,1444
14,P14 Front 2,MP,Arch,Induced,1465,1492,,24,25,1465,24,52,1492
14,P14 Front 2,MP,30,Natural,1590,1611,,26,30,1590,26,51,1611
14,P14 Front 2,MP,40,Natural,1673,1688,,27,53,1673,28,8,1688
14,P14 Front 2,MP,50,Natural,1782,1798,,29,42,1782,29,58,1798
14,P14 Front 2,MP,52.5,Natural,1927,1943,,32,7,1927,32,23,1943
14,P14 Front 2,MP,60% 32.5,Natural,2049,2065,,34,9,2049,34,25,2065
14,P14 Front 2,CU,N,Natural,2279,2303,,37,59,2279,38,23,2303
14,P14 Front 2,PU,N,Natural,2401,2423,,40,1,2401,40,23,2423
14,P14 Front 2,SLR,N,Natural,2757,2774,,45,57,2757,46,14,2774
14,P14 Front 2,MT,N,Natural,2807,2839,,46,47,2807,47,19,2839
15,P15 Front,BP,N,Induced,79,117,,1,19,79,1,57,117
15,P15 Front,BP,A,Induced,190,235,,3,10,190,3,55,235
15,P15 Front,BP,R,Induced,255,289,,4,15,255,4,49,289
15,P15 Front,BP,BB,Induced,311,335,,5,11,311,5,35,335
15,P15 Front,BP,Arch,Induced,369,403,,6,9,369,6,43,403
15,P15 Front,BP,20,Natural,456,489,,7,36,456,8,9,489
15,P15 Front,BP,25,Natural,566,598,,9,26,566,9,58,598
15,P15 Front,BP,60% 20,Natural,689,738,,11,29,689,12,18,738
15,P15 Front,Row,N,Induced,957,986,,15,57,957,16,26,986
15,P15 Front,Row,A,Induced,1191,1061,,17,171,1191,17,41,1061
15,P15 Front,Row,R,Induced,1092,1117,,18,12,1092,18,37,1117
15,P15 Front,Row,Ext,Induced,1146,1177,,19,6,1146,19,37,1177
15,P15 Front,Row,RB,Induced,1205,1230,,20,5,1205,20,30,1230
15,P15 Front,Row,25,Natural,1270,1288,,21,10,1270,21,28,1288
15,P15 Front,Row,30,Natural,1369,1379,,22,49,1369,22,59,1379
15,P15 Front,Row,35,Natural,1485,1495,,24,45,1485,24,55,1495
15,P15 Front,Row,40,Natural,1611,1622,,26,51,1611,27,2,1622
15,P15 Front,Row,60% 25,Natural,1683,1739,,28,3,1683,28,59,1739
15,P15 Front,MP,N,Induced,2097,2137,,34,57,2097,35,37,2137
15,P15 Front,MP,A,Induced,2162,2204,,36,2,2162,36,44,2204
15,P15 Front,MP,R,Induced,2223,2255,,37,3,2223,37,35,2255
15,P15 Front,MP,Arch,Induced,2279,2313,,37,59,2279,38,33,2313
15,P15 Front,CU,N,Natural,2451,2503,,40,51,2451,41,43,2503
15,P15 Front,PU,N,Natural,2592,2631,,43,12,2592,43,51,2631
15,P15 Front,SLR,N,Natural,2934,2950,,48,54,2934,49,10,2950
15,P15 Front,MT,N,Natural,3140,3158,,52,20,3140,52,38,3158
16,P16 Front,BP,N,Induced,9,38,,0,9,9,0,38,38
16,P16 Front,BP,A,Induced,56,89,,0,56,56,1,29,89
16,P16 Front,BP,R,Induced,112,134,,1,52,112,2,14,134
16,P16 Front,BP,BB,Induced,150,175,,2,30,150,2,55,175
16,P16 Front,BP,Arch,Induced,202,233,,3,22,202,3,53,233
16,P16 Front,BP,75,Natural,355,377,,5,55,355,6,17,377
16,P16 Front,BP,90,Natural,458,476,,7,38,458,7,56,476
16,P16 Front,BP,100,Natural,694,707,,11,34,694,11,47,707
16,P16 Front,BP,107.5,Natural,888,910,,14,48,888,15,10,910
16,P16 Front,BP,110,Natural,1159,1178,,19,19,1159,19,38,1178
16,P16 Front,BP,112.5,Natural,1428,1448,,23,48,1428,24,8,1448
16,P16 Front,BP,60% 70,Natural,1638,1686,,27,18,1638,28,6,1686
16,P16 Front,Row,N,Induced,1805,1823,,30,5,1805,30,23,1823
16,P16 Front,Row,A,Induced,1837,1861,,30,37,1837,31,1,1861
16,P16 Front,Row,R,Induced,1878,1894,,31,18,1878,31,34,1894
16,P16 Front,Row,Ext,Induced,1922,1941,,32,2,1922,32,21,1941
16,P16 Front,Row,RB,Induced,1974,1994,,32,54,1974,33,14,1994
16,P16 Front,Row,60,Natural,2125,2136,,35,25,2125,35,36,2136
16,P16 Front,Row,75,Natural,2290,2298,,38,10,2290,38,18,2298
16,P16 Front,Row,80,Natural,2454,2463,,40,54,2454,41,3,2463
16,P16 Front,Row,85,Natural,2623,2631,,43,43,2623,43,51,2631
16,P16 Front,Row,60% 55,Natural,3753,3785,,62,33,3753,63,5,3785
16,P16 Front,MP,N,Induced,2782,2808,,46,22,2782,46,48,2808
16,P16 Front,MP,A,Induced,2836,2867,,47,16,2836,47,47,2867
16,P16 Front,MP,R,Induced,2896,2919,,48,16,2896,48,39,2919
16,P16 Front,MP,Arch,Induced,2941,2966,,49,1,2941,49,26,2966
16,P16 Front,MP,40,Natural,3078,3098,,51,18,3078,51,38,3098
16,P16 Front,MP,50,Natural,3236,3251,,53,56,3236,54,11,3251
16,P16 Front,MP,60,Natural,3412,3425,,56,52,3412,57,5,3425
16,P16 Front,MP,60% 40,Natural,3586,3620,,59,46,3586,60,20,3620
16,P16 Front,CU,N,Natural,4001,4041,,66,41,4001,67,21,4041
16,P16 Front,PU,N,Natural,4169,4240,,69,29,4169,70,40,4240
16,P16 Front,SLR,N,Natural,4580,4596,,76,20,4580,76,36,4596
16,P16 Front,MT,N,Natural,4663,4695,,77,43,4663,78,15,4695
17,P17 Front,BP,N,Induced,1,17,,0,1,1,0,17,17
17,P17 Front,BP,A,Induced,102,129,,1,42,102,2,9,129
17,P17 Front,BP,R,Induced,158,178,,2,38,158,2,58,178
17,P17 Front,BP,BB,Induced,197,218,,3,17,197,3,38,218
17,P17 Front,BP,Arch,Induced,250,284,,4,10,250,4,44,284
17,P17 Front,BP,25,Natural,394,415,,6,34,394,6,55,415
17,P17 Front,BP,30,Natural,512,524,,8,32,512,8,44,524
17,P17 Front,BP,32.5,Natural,672,694,,11,12,672,11,34,694
17,P17 Front,BP,60% 20,Natural,793,855,,13,13,793,14,15,855
17,P17 Front,Row,N,Induced,1003,1021,,16,43,1003,17,1,1021
17,P17 Front,Row,A,Induced,1055,1075,,17,35,1055,17,55,1075
17,P17 Front,Row,R,Induced,1096,1114,,18,16,1096,18,34,1114
17,P17 Front,Row,Ext,Induced,1140,1169,,19,0,1140,19,29,1169
17,P17 Front,Row,RB,Induced,1191,1212,,19,51,1191,20,12,1212
17,P17 Front,Row,27.5,Natural,1283,1296,,21,23,1283,21,36,1296
17,P17 Front,Row,32.5,Natural,1455,1464,,24,15,1455,24,24,1464
17,P17 Front,Row,37.5,Natural,1604,1613,,26,44,1604,26,53,1613
17,P17 Front,Row,40,Natural,1813,1821,,30,13,1813,30,21,1821
17,P17 Front,Row,42.5,Natural,1984,1993,,33,4,1984,33,13,1993
17,P17 Front,Row,60% 25,Natural,2170,2213,,36,10,2170,36,53,2213
17,P17 Front,MP,N,Induced,2456,2485,,40,56,2456,41,25,2485
17,P17 Front,MP,A,Induced,2505,2540,,41,45,2505,42,20,2540
17,P17 Front,MP,R,Induced,2570,2596,,42,50,2570,43,16,2596
17,P17 Front,MP,Arch,Induced,2614,2644,,43,34,2614,44,4,2644
17,P17 Front,MP,20,Natural,2703,2720,,45,3,2703,45,20,2720
17,P17 Front,MP,25,Natural,2800,2813,,46,40,2800,46,53,2813
17,P17 Front,CU,N,Natural,3071,3106,,51,11,3071,51,46,3106
17,P17 Front,PU,N,Natural,3265,3286,,54,25,3265,54,46,3286
17,P17 Front,SLR,N,Natural,3594,3613,,59,54,3594,60,13,3613
17,P17 Front,MT,N,Natural,3672,3698,,61,12,3672,61,38,3698
18,P18 Front,BP,N,Induced,7,39,,0,7,7,0,39,39
18,P18 Front,BP,A,Induced,65,102,,1,5,65,1,42,102
18,P18 Front,BP,R,Induced,119,155,,1,59,119,2,35,155
18,P18 Front,BP,BB,Induced,171,198,,2,51,171,3,18,198
18,P18 Front,BP,Arch,Induced,220,256,,3,40,220,4,16,256
18,P18 Front,BP,20,Natural,343,371,,5,43,343,6,11,371
18,P18 Front,BP,25,Natural,449,470,,7,29,449,7,50,470
18,P18 Front,BP,30,Natural,561,582,,9,21,561,9,42,582
18,P18 Front,BP,32.5,Natural,668,678,,11,8,668,11,18,678
18,P18 Front,BP,60% 20,Natural,755,827,,12,35,755,13,47,827
18,P18 Front,Row,N,Induced,1064,1096,,17,44,1064,18,16,1096
18,P18 Front,Row,A,Induced,1115,1149,,18,35,1115,19,9,1149
18,P18 Front,Row,R,Induced,1166,1200,,19,26,1166,20,0,1200
18,P18 Front,Row,Ext,Induced,1230,1268,,20,30,1230,21,8,1268
18,P18 Front,Row,RB,Induced,1295,1325,,21,35,1295,22,5,1325
18,P18 Front,Row,25,Natural,1415,1435,,23,35,1415,23,55,1435
18,P18 Front,Row,30,Natural,1498,1511,,24,58,1498,25,11,1511
18,P18 Front,Row,32.5,Natural,1561,1575,,26,1,1561,26,15,1575
18,P18 Front,Row,60% 25,Natural,1639,1697,,27,19,1639,28,17,1697
18,P18 Front,MP,N,Induced,1842,1881,,30,42,1842,31,21,1881
18,P18 Front,MP,A,Induced,1904,1943,,31,44,1904,32,23,1943
18,P18 Front,MP,R,Induced,1969,2005,,32,49,1969,33,25,2005
18,P18 Front,MP,Arch,Induced,2034,2073,,33,54,2034,34,33,2073
18,P18 Front,MP,20,Natural,2195,2220,,36,35,2195,37,0,2220
18,P18 Front,CU,N,Natural,2376,2426,,39,36,2376,40,26,2426
18,P18 Front,PU,N,Natural,2526,2577,,42,6,2526,42,57,2577
18,P18 Front,SLR,N,Natural,2842,2859,,47,22,2842,47,39,2859
18,P18 Front,MT,N,Natural,2902,2925,,48,22,2902,48,45,2925
19,P19 Front,BP,N,Induced,1,18,,0,1,1,0,18,18
19,P19 Front,BP,A,Induced,48,86,,0,48,48,1,26,86
19,P19 Front,BP,R,Induced,102,135,,1,42,102,2,15,135
19,P19 Front,BP,BB,Induced,178,204,,2,58,178,3,24,204
19,P19 Front,BP,Arch,Induced,235,267,,3,55,235,4,27,267
19,P19 Front,BP,20,Natural,365,394,,6,5,365,6,34,394
19,P19 Front,BP,25,Natural,467,484,,7,47,467,8,4,484
19,P19 Front,BP,30,Natural,583,604,,9,43,583,10,4,604
19,P19 Front,BP,32.5,Natural,695,710,,11,35,695,11,50,710
19,P19 Front,BP,60% 25,Natural,781,811,,13,1,781,13,31,811
19,P19 Front,Row,N,Induced,980,1005,,16,20,980,16,45,1005
19,P19 Front,Row,A,Induced,1060,1089,,17,40,1060,18,9,1089
19,P19 Front,Row,R,Induced,1113,1142,,18,33,1113,19,2,1142
19,P19 Front,Row,Ext,Induced,1175,1206,,19,35,1175,20,6,1206
19,P19 Front,Row,RB,Induced,1231,1260,,20,31,1231,21,0,1260
19,P19 Front,Row,25,Natural,1293,1309,,21,33,1293,21,49,1309
19,P19 Front,Row,30,Natural,1369,1379,,22,49,1369,22,59,1379
19,P19 Front,Row,60% 25,Natural,1518,1547,,25,18,1518,25,47,1547
19,P19 Front,MP,N,Induced,1741,1779,,29,1,1741,29,39,1779
19,P19 Front,MP,A,Induced,1800,1838,,30,0,1800,30,38,1838
19,P19 Front,MP,R,Induced,1860,1896,,31,0,1860,31,36,1896
19,P19 Front,MP,Arch,Induced,1922,1963,,32,2,1922,32,43,1963
19,P19 Front,MP,20,Natural,2087,2111,,34,47,2087,35,11,2111
19,P19 Front,CU,N,Natural,2228,2254,,37,8,2228,37,34,2254
19,P19 Front,PU,N,Natural,2325,2348,,38,45,2325,39,8,2348
19,P19 Front,SLR,N,Natural,2590,2612,,43,10,2590,43,32,2612
19,P19 Front,MT,N,Natural,2687,2709,,44,47,2687,45,9,2709
20,P20 Front 1,BP,N,Induced,9,38,,0,9,9,0,38,38
20,P20 Front 1,BP,A,Induced,84,121,,1,24,84,2,1,121
20,P20 Front 1,BP,R,Induced,142,175,,2,22,142,2,55,175
20,P20 Front 1,BP,BB,Induced,191,223,,3,11,191,3,43,223
20,P20 Front 1,BP,Arch,Induced,260,305,,4,20,260,5,5,305
20,P20 Front 1,BP,30,Natural,461,486,,7,41,461,8,6,486
20,P20 Front 1,BP,40,Natural,570,580,,9,30,570,9,40,580
20,P20 Front 1,BP,47.5,Natural,778,792,,12,58,778,13,12,792
20,P20 Front 1,BP,50,Natural,1080,1098,,18,0,1080,18,18,1098
20,P20 Front 1,BP,55,Natural,1359,1375,,22,39,1359,22,55,1375
20,P20 Front 1,BP,60% 35,Natural,1452,1532,,24,12,1452,25,32,1532
20,P20 Front 1,Row,N,Induced,1677,1700,,27,57,1677,28,20,1700
20,P20 Front 1,Row,A,Induced,1746,1780,,29,6,1746,29,40,1780
20,P20 Front 1,Row,R,Induced,1821,1849,,30,21,1821,30,49,1849
20,P20 Front 1,Row,Ext,Induced,1890,1917,,31,30,1890,31,57,1917
20,P20 Front 1,Row,RB,Induced,1946,1973,,32,26,1946,32,53,1973
20,P20 Front 2,Row,35,Natural,20,35,,0,20,20,0,35,35
20,P20 Front 2,Row,45,Natural,155,164,,2,35,155,2,44,164
20,P20 Front 2,Row,55,Natural,337,347,,5,37,337,5,47,347
20,P20 Front 2,Row,60,Natural,680,689,,11,20,680,11,29,689
20,P20 Front 2,Row,60% 35,Natural,795,845,,13,15,795,14,5,845
20,P20 Front 2,MP,N,Induced,1002,1030,,16,42,1002,17,10,1030
20,P20 Front 2,MP,A,Induced,1076,1108,,17,56,1076,18,28,1108
20,P20 Front 2,MP,R,Induced,1137,1163,,18,57,1137,19,23,1163
20,P20 Front 2,MP,Arch,Induced,1191,1225,,19,51,1191,20,25,1225
20,P20 Front 2,MP,30,Natural,1305,1323,,21,45,1305,22,3,1323
20,P20 Front 2,MP,35,Natural,1567,1577,,26,7,1567,26,17,1577
20,P20 Front 2,MP,40,Natural,1742,1754,,29,2,1742,29,14,1754
20,P20 Front 2,MP,42.5,Natural,2031,2047,,33,51,2031,34,7,2047
20,P20 Front 2,MP,60% 25,Natural,2118,2181,,35,18,2118,36,21,2181
20,P20 Front 2,CU,N,Natural,2402,2427,,40,2,2402,40,27,2427
20,P20 Front 2,PU,N,Natural,2680,2711,,44,40,2680,45,11,2711
21,P21 Front,BP,N,Induced,19,42,,0,19,19,0,42,42
21,P21 Front,BP,A,Induced,122,152,,2,2,122,2,32,152
21,P21 Front,BP,R,Induced,183,202,,3,3,183,3,22,202
21,P21 Front,BP,BB,Induced,231,244,,3,51,231,4,4,244
21,P21 Front,BP,Arch,Induced,293,314,,4,53,293,5,14,314
21,P21 Front,BP,40,Natural,398,414,,6,38,398,6,54,414
21,P21 Front,BP,50,Natural,526,535,,8,46,526,8,55,535
21,P21 Front,BP,60,Natural,611,618,,10,11,611,10,18,618
21,P21 Front,BP,70,Natural,698,708,,11,38,698,11,48,708
21,P21 Front,BP,75,Natural,806,816,,13,26,806,13,36,816
21,P21 Front,BP,77.5,Natural,954,965,,15,54,954,16,5,965
21,P21 Front,BP,60% 50 ,Natural,1084,1132,,18,4,1084,18,52,1132
21,P21 Front,Row,N,Induced,1332,1352,,22,12,1332,22,32,1352
21,P21 Front,Row,A,Induced,1382,1403,,23,2,1382,23,23,1403
21,P21 Front,Row,R,Induced,1430,1451,,23,50,1430,24,11,1451
21,P21 Front,Row,Ext,Induced,1487,1507,,24,47,1487,25,7,1507
21,P21 Front,Row,RB,Induced,1537,1553,,25,37,1537,25,53,1553
21,P21 Front,Row,50,Natural,1625,1637,,27,5,1625,27,17,1637
21,P21 Front,Row,60,Natural,1702,1709,,28,22,1702,28,29,1709
21,P21 Front,Row,65,Natural,1777,1785,,29,37,1777,29,45,1785
21,P21 Front,Row,70,Natural,1926,1935,,32,6,1926,32,15,1935
21,P21 Front,Row,60% 42.5,Natural,2037,2080,,33,57,2037,34,40,2080
21,P21 Front,MP,N,Induced,2309,2332,,38,29,2309,38,52,2332
21,P21 Front,MP,A,Induced,2377,2405,,39,37,2377,40,5,2405
21,P21 Front,MP,R,Induced,2439,2460,,40,39,2439,41,0,2460
21,P21 Front,MP,Arch,Induced,2491,2513,,41,31,2491,41,53,2513
21,P21 Front,MP,30,Natural,2579,2596,,42,59,2579,43,16,2596
21,P21 Front,MP,40,Natural,2657,2668,,44,17,2657,44,28,2668
21,P21 Front,MP,45,Natural,2771,2785,,46,11,2771,46,25,2785
21,P21 Front,MP,60% 27.5,Natural,2889,2926,,48,9,2889,48,46,2926
21,P21 Front,CU,N,Natural,3117,3148,,51,57,3117,52,28,3148
21,P21 Front,PU,N,Natural,3277,3310,,54,37,3277,55,10,3310
21,P21 Front,SLR,N,Natural,3611,3625,,60,11,3611,60,25,3625
21,P21 Front,MT,N,Natural,3699,3731,,61,39,3699,62,11,3731
22,P22 Front,BP,N,Induced,30,57,,0,30,30,0,57,57
22,P22 Front,BP,A,Induced,127,157,,2,7,127,2,37,157
22,P22 Front,BP,R,Induced,188,209,,3,8,188,3,29,209
22,P22 Front,BP,BB,Induced,256,274,,4,16,256,4,34,274
22,P22 Front,BP,Arch,Induced,316,340,,5,16,316,5,40,340
22,P22 Front,BP,20,Natural,472,492,,7,52,472,8,12,492
22,P22 Front,BP,25,Natural,586,598,,9,46,586,9,58,598
22,P22 Front,BP,30,Natural,691,703,,11,31,691,11,43,703
22,P22 Front,Row,N,Induced,865,886,,14,25,865,14,46,886
22,P22 Front,Row,A,Induced,915,939,,15,15,915,15,39,939
22,P22 Front,Row,R,Induced,984,1009,,16,24,984,16,49,1009
22,P22 Front,Row,Ext,Induced,1043,1071,,17,23,1043,17,51,1071
22,P22 Front,Row,RB,Induced,1101,1126,,18,21,1101,18,46,1126
22,P22 Front,Row,25,Natural,1299,1318,,21,39,1299,21,58,1318
22,P22 Front,Row,30,Natural,1403,1415,,23,23,1403,23,35,1415
22,P22 Front,MP,N,Induced,1578,1605,,26,18,1578,26,45,1605
22,P22 Front,MP,A,Induced,1640,1675,,27,20,1640,27,55,1675
22,P22 Front,MP,R,Induced,1717,1746,,28,37,1717,29,6,1746
22,P22 Front,MP,Arch,Induced,1784,1824,,29,44,1784,30,24,1824
22,P22 Front,MP,20,Natural,2023,2040,,33,43,2023,34,0,2040
22,P22 Front,CU,N,Natural ,2184,2217,,36,24,2184,36,57,2217
22,P22 Front,PU,N,Natural,2320,2351,,38,40,2320,39,11,2351
23,P23 Front,BP,N,Induced,60,88,,1,0,60,1,28,88
23,P23 Front,BP,A,Induced,127,155,,2,7,127,2,35,155
23,P23 Front,BP,R,Induced,180,204,,3,0,180,3,24,204
23,P23 Front,BP,BB,Induced,229,251,,3,49,229,4,11,251
23,P23 Front,BP,Arch,Induced,289,316,,4,49,289,5,16,316
23,P23 Front,BP,20,Natural,380,397,,6,20,380,6,37,397
23,P23 Front,BP,25,Natural,475,485,,7,55,475,8,5,485
23,P23 Front,BP,27.5,Natural,612,626,,10,12,612,10,26,626
23,P23 Front,Row,N,Induced,822,838,,13,42,822,13,58,838
23,P23 Front,Row,A,Induced,863,882,,14,23,863,14,42,882
23,P23 Front,Row,R,Induced,905,924,,15,5,905,15,24,924
23,P23 Front,Row,Ext,Induced,957,981,,15,57,957,16,21,981
23,P23 Front,Row,RB,Induced,1012,1032,,16,52,1012,17,12,1032
23,P23 Front,Row,25,Natural,1075,1086,,17,55,1075,18,6,1086
23,P23 Front,Row,27.5,Natural,1283,1292,,21,23,1283,21,32,1292
23,P23 Front,Row,30,Natural,1368,1375,,22,48,1368,22,55,1375
23,P23 Front,MP,N,Induced,1549,1570,,25,49,1549,26,10,1570
23,P23 Front,MP,A,Induced,1597,1623,,26,37,1597,27,3,1623
23,P23 Front,MP,R,Induced,1653,1680,,27,33,1653,28,0,1680
23,P23 Front,MP,Arch,Induced,1725,1750,,28,45,1725,29,10,1750
23,P23 Front,MP,20,Natural,1866,1883,,31,6,1866,31,23,1883
23,P23 Front,CU,N,Natural,2099,2119,,34,59,2099,35,19,2119
23,P23 Front,PU,N,Natural,2219,2252,,36,59,2219,37,32,2252
23,P23 Front,SLR,N,Natural,2757,2772,,45,57,2757,46,12,2772
23,P23 Front,MT,N,Natural,2864,2909,,47,44,2864,48,29,2909
24,P24 Front,BP,A,Induced,42,65,,0,42,42,1,5,65
24,P24 Front,BP,R,Induced,87,108,,1,27,87,1,48,108
24,P24 Front,BP,BB,Induced,130,159,,2,10,130,2,39,159
24,P24 Front,BP,Arch,Induced,193,221,,3,13,193,3,41,221
24,P24 Front,BP,20,Natural,316,341,,5,16,316,5,41,341
24,P24 Front,BP,25,Natural,459,469,,7,39,459,7,49,469
24,P24 Front,BP,27.5,Natural,569,579,,9,29,569,9,39,579
24,P24 Front,BP,30,Natural,663,673,,11,3,663,11,13,673
24,P24 Front,BP,32.5,Natural,757,771,,12,37,757,12,51,771
24,P24 Front,BP,60% 20,Natural,878,918,,14,38,878,15,18,918
24,P24 Front,Row,N,Induced,1104,1128,,18,24,1104,18,48,1128
24,P24 Front,Row,A,Induced,1156,1177,,19,16,1156,19,37,1177
24,P24 Front,Row,R,Induced,1198,1219,,19,58,1198,20,19,1219
24,P24 Front,Row,Ext,Induced,1260,1286,,21,0,1260,21,26,1286
24,P24 Front,Row,RB,Induced,1314,1335,,21,54,1314,22,15,1335
24,P24 Front,Row,25,Natural,1454,1473,,24,14,1454,24,33,1473
24,P24 Front,Row,27.5,Natural,1561,1570,,26,1,1561,26,10,1570
24,P24 Front,MP,N,Induced,1812,1840,,30,12,1812,30,40,1840
24,P24 Front,MP,A,Induced,1867,1893,,31,7,1867,31,33,1893
24,P24 Front,MP,R,Induced,1930,1952,,32,10,1930,32,32,1952
24,P24 Front,MP,Arch,Induced,1987,2018,,33,7,1987,33,38,2018
24,P24 Front,MP,20,Natural,2175,2200,,36,15,2175,36,40,2200
24,P24 Front,CU,N,Natural,2345,2359,,39,5,2345,39,19,2359
24,P24 Front,PU,N,Natural,2451,2489,,40,51,2451,41,29,2489
24,P24 Front,SLR,N,Natural,2821,2837,,47,1,2821,47,17,2837
24,P24 Front,MT,N,Natural,2891,2920,,48,11,2891,48,40,2920
25,P25 Front,BP,N,Induced,11,29,,0,11,11,0,29,29
25,P25 Front,BP,A,Induced,68,93,,1,8,68,1,33,93
25,P25 Front,BP,R,Induced,117,133,,1,57,117,2,13,133
25,P25 Front,BP,BB,Induced,155,171,,2,35,155,2,51,171
25,P25 Front,BP,Arch,Induced,206,221,,3,26,206,3,41,221
25,P25 Front,BP,70,Natural,330,340,,5,30,330,5,40,340
25,P25 Front,BP,80,Natural,445,451,,7,25,445,7,31,451
25,P25 Front,BP,85,Natural,561,569,,9,21,561,9,29,569
25,P25 Front,BP,90,Natural,664,675,,11,4,664,11,15,675
25,P25 Front,BP,60% 55,Natural,781,816,,13,1,781,13,36,816
25,P25 Front,Row,N,Induced,968,983,,16,8,968,16,23,983
25,P25 Front,Row,A,Induced,1025,1045,,17,5,1025,17,25,1045
25,P25 Front,Row,R,Induced,1066,1084,,17,46,1066,18,4,1084
25,P25 Front,Row,Ext,Induced,1108,1128,,18,28,1108,18,48,1128
25,P25 Front,Row,RB,Induced,1153,1170,,19,13,1153,19,30,1170
25,P25 Front,Row,60,Natural,1318,1329,,21,58,1318,22,9,1329
25,P25 Front,Row,70,Natural,1382,1388,,23,2,1382,23,8,1388
25,P25 Front,Row,72.5,Natural,1493,1499,,24,53,1493,24,59,1499
25,P25 Front,MP,N,Induced,1709,1727,,28,29,1709,28,47,1727
25,P25 Front,MP,A,Induced,1772,1796,,29,32,1772,29,56,1796
25,P25 Front,MP,R,Induced,1823,1842,,30,23,1823,30,42,1842
25,P25 Front,MP,Arch,Induced,1876,1895,,31,16,1876,31,35,1895
25,P25 Front,MP,40,Natural,2157,2168,,35,57,2157,36,8,2168
25,P25 Front,MP,45,Natural,2244,2251,,37,24,2244,37,31,2251
25,P25 Front,MP,50,Natural,2381,2388,,39,41,2381,39,48,2388
25,P25 Front,MP,52.5,Natural,2527,2536,,42,7,2527,42,16,2536
25,P25 Front,MP,60% 35,Natural,2621,2648,,43,41,2621,44,8,2648
25,P25 Front,Row,60% 45,Natural,2835,2861,,47,15,2835,47,41,2861
25,P25 Front,CU,N,Natural,3260,3286,,54,20,3260,54,46,3286
25,P25 Front,PU,N,Natural,3398,3438,,56,38,3398,57,18,3438
25,P25 Front,SLR,N,Natural,3661,3737,,61,1,3661,62,17,3737
25,P25 Front,MT,N,Natural,3846,3882,,64,6,3846,64,42,3882
26,P26 Front,BP,N,Induced,26,43,,0,26,26,0,43,43
26,P26 Front,BP,A,Induced,129,150,,2,9,129,2,30,150
26,P26 Front,BP,R,Induced,184,202,,3,4,184,3,22,202
26,P26 Front,BP,BB,Induced,233,248,,3,53,233,4,8,248
26,P26 Front,BP,Arch,Induced,284,302,,4,44,284,5,2,302
26,P26 Front,BP,25,Induced,513,525,,8,33,513,8,45,525
26,P26 Front,BP,30,Induced,624,631,,10,24,624,10,31,631
26,P26 Front,BP,35,Induced,710,720,,11,50,710,12,0,720
26,P26 Front,BP,60% 22.5,Induced,801,837,,13,21,801,13,57,837
26,P26 Front,Row,N,Induced,1029,1046,,17,9,1029,17,26,1046
26,P26 Front,Row,A,Induced,1080,1097,,18,0,1080,18,17,1097
26,P26 Front,Row,R,Induced,1117,1133,,18,37,1117,18,53,1133
26,P26 Front,Row,Ext,Induced,1170,1189,,19,30,1170,19,49,1189
26,P26 Front,Row,RB,Induced,1218,1235,,20,18,1218,20,35,1235
26,P26 Front,Row,27.5,Natural,1318,1329,,21,58,1318,22,9,1329
26,P26 Front,Row,37.5,Natural,1396,1402,,23,16,1396,23,22,1402
26,P26 Front,Row,42.5,Natural,1517,1524,,25,17,1517,25,24,1524
26,P26 Front,Row,60% 27.5,Natural,1625,1666,,27,5,1625,27,46,1666
26,P26 Front,MP,N,Induced,1931,1951,,32,11,1931,32,31,1951
26,P26 Front,MP,A,Induced,2016,2036,,33,36,2016,33,56,2036
26,P26 Front,MP,R,Induced,1944,2081,,32,24,1944,34,41,2081
26,P26 Front,MP,Arch,Induced,2120,2137,,35,20,2120,35,37,2137
26,P26 Front,MP,25,Natural,2213,2229,,36,53,2213,37,9,2229
26,P26 Front,MP,60% 20,Natural,2310,2326,,38,30,2310,38,46,2326
26,P26 Front,CU,N,Natural,2545,2557,,42,25,2545,42,37,2557
26,P26 Front,PU,N,Natural,2659,2683,,44,19,2659,44,43,2683
26,P26 Front,SLR,N,Natural,2963,2981,,49,23,2963,49,41,2981
26,P26 Front,MT,N,Natural,3032,3062,,50,32,3032,51,2,3062
27,P27 Front,BP,N,Induced,33,62,,0,33,33,1,2,62
27,P27 Front,BP,A,Induced,118,152,,1,58,118,2,32,152
27,P27 Front,BP,R,Induced,176,202,,2,56,176,3,22,202
27,P27 Front,BP,BB,Induced,232,253,,3,52,232,4,13,253
27,P27 Front,BP,Arch,Induced,293,320,,4,53,293,5,20,320
27,P27 Front,BP,20,Natural,432,453,,7,12,432,7,33,453
27,P27 Front,BP,25,Natural,548,562,,9,8,548,9,22,562
27,P27 Front,Row,N,Induced,774,799,,12,54,774,13,19,799
27,P27 Front,Row,A,Induced,826,850,,13,46,826,14,10,850
27,P27 Front,Row,R,Induced,890,911,,14,50,890,15,11,911
27,P27 Front,Row,Ext,Induced,953,973,,15,53,953,16,13,973
27,P27 Front,Row,RB,Induced,1007,1029,,16,47,1007,17,9,1029
27,P27 Front,Row,25,Natural,1076,1093,,17,56,1076,18,13,1093
27,P27 Front,Row,30,Natural,1153,1163,,19,13,1153,19,23,1163
27,P27 Front,Row,32.5,Natural,1251,1261,,20,51,1251,21,1,1261
27,P27 Front,Row,35,Natural,1333,1342,,22,13,1333,22,22,1342
27,P27 Front,Row,60% 25,Natural,1416,1445,,23,36,1416,24,5,1445
27,P27 Front,MP,N,Induced,1700,1724,,28,20,1700,28,44,1724
27,P27 Front,MP,A,Induced,1755,1783,,29,15,1755,29,43,1783
27,P27 Front,MP,R,Induced,1816,1839,,30,16,1816,30,39,1839
27,P27 Front,MP,Arch,Induced,1870,1896,,31,10,1870,31,36,1896
27,P27 Front,MP,20,Natural,1972,1987,,32,52,1972,33,7,1987
27,P27 Front,CU,N,Natural,2130,2145,,35,30,2130,35,45,2145
27,P27 Front,PU,N,Natural,2243,2310,,37,23,2243,38,30,2310
27,P27 Front,SLR,N,Natural,2558,2573,,42,38,2558,42,53,2573
27,P27 Front,MT,N,Natural,2632,2664,,43,52,2632,44,24,2664
28,P28 Front,BP,N,Induced,20,40,,0,20,20,0,40,40
28,P28 Front,BP,A,Induced,87,110,,1,27,87,1,50,110
28,P28 Front,BP,R,Induced,137,159,,2,17,137,2,39,159
28,P28 Front,BP,BB,Induced,192,208,,3,12,192,3,28,208
28,P28 Front,BP,Arch,Induced,246,269,,4,6,246,4,29,269
28,P28 Front,BP,20,Natural,349,367,,5,49,349,6,7,367
28,P28 Front,BP,25,Natural,466,479,,7,46,466,7,59,479
28,P28 Front,Row,N,Induced,687,710,,11,27,687,11,50,710
28,P28 Front,Row,A,Induced,748,772,,12,28,748,12,52,772
28,P28 Front,Row,R,Induced,791,811,,13,11,791,13,31,811
28,P28 Front,Row,Ext,Induced,847,872,,14,7,847,14,32,872
28,P28 Front,Row,RB,Induced,898,924,,14,58,898,15,24,924
28,P28 Front,Row,25,Natural,985,1000,,16,25,985,16,40,1000
28,P28 Front,Row,27.5,Natural,1078,1086,,17,58,1078,18,6,1086
28,P28 Front,Row,30,Natural,1173,1182,,19,33,1173,19,42,1182
28,P28 Front,MP,N,Induced,1404,1459,,23,24,1404,24,19,1459
28,P28 Front,MP,A,Induced,1498,1530,,24,58,1498,25,30,1530
28,P28 Front,MP,R,Induced,1564,1587,,26,4,1564,26,27,1587
28,P28 Front,MP,Arch,Induced,1627,1657,,27,7,1627,27,37,1657
28,P28 Front,MP,20,Natural,1776,1796,,29,36,1776,29,56,1796
28,P28 Front,CU,N,Natural,1932,1960,,32,12,1932,32,40,1960
28,P28 Front,PU,N,Natural,2060,2088,,34,20,2060,34,48,2088
28,P28 Front,SLR,N,Natural,2338,2354,,38,58,2338,39,14,2354
28,P28 Front,MT,N,Natural,2438,2471,,40,38,2438,41,11,2471
29,P29 Front,BP,N,Induced,3,32,,0,3,3,0,32,32
29,P29 Front,BP,A,Induced,99,136,,1,39,99,2,16,136
29,P29 Front,BP,R,Induced,166,187,,2,46,166,3,7,187
29,P29 Front,BP,BB,Induced,215,234,,3,35,215,3,54,234
29,P29 Front,BP,Arch,Induced,277,308,,4,37,277,5,8,308
29,P29 Front,BP,20,Natural,441,466,,7,21,441,7,46,466
29,P29 Front,BP,25,Natural,557,570,,9,17,557,9,30,570
29,P29 Front,BP,30,Natural,644,659,,10,44,644,10,59,659
29,P29 Front,BP,60% 20,Natural,770,803,,12,50,770,13,23,803
29,P29 Front,Row,N,Induced,1082,1108,,18,2,1082,18,28,1108
29,P29 Front,Row,A,Induced,1131,1157,,18,51,1131,19,17,1157
29,P29 Front,Row,R,Induced,1176,1199,,19,36,1176,19,59,1199
29,P29 Front,Row,Ext,Induced,1277,1308,,21,17,1277,21,48,1308
29,P29 Front,Row,RB,Induced,1334,1355,,22,14,1334,22,35,1355
29,P29 Front,Row,25,Natural,1397,1351,,23,17,1397,22,31,1351
29,P29 Front,Row,30,Natural,1478,1486,,24,38,1478,24,46,1486
29,P29 Front,Row,35,Natural,1600,1606,,26,40,1600,26,46,1606
29,P29 Front,Row,40,Natural,1681,1688,,28,1,1681,28,8,1688
29,P29 Front,Row,60% 25,Natural,1779,1799,,29,39,1779,29,59,1799
29,P29 Front,MP,N,Induced,1988,2013,,33,8,1988,33,33,2013
29,P29 Front,MP,A,Induced,2054,2083,,34,14,2054,34,43,2083
29,P29 Front,MP,R,Induced,2115,2135,,35,15,2115,35,35,2135
29,P29 Front,MP,Arch,Induced,2174,2203,,36,14,2174,36,43,2203
29,P29 Front,MP,20,Natural,2325,2349,,38,45,2325,39,9,2349
29,P29 Front,CU,N,Natural,2501,2527,,41,41,2501,42,7,2527
29,P29 Front,PU,N,Natural,2592,2622,,43,12,2592,43,42,2622
29,P29 Front,SLR,N,Natural,2892,2905,,48,12,2892,48,25,2905
29,P29 Front,MT,N,Natural,2967,2996,,49,27,2967,49,56,2996
30,P30 Front,BP,N,Induced,21,47,,0,21,21,0,47,47
30,P30 Front,BP,A,Induced,104,147,,1,44,104,2,27,147
30,P30 Front,BP,R,Induced,167,198,,2,47,167,3,18,198
30,P30 Front,BP,BB,Induced,217,248,,3,37,217,4,8,248
30,P30 Front,BP,Arch,Induced,288,318,,4,48,288,5,18,318
30,P30 Front,BP,60,Natural,412,425,,6,52,412,7,5,425
30,P30 Front,BP,80,Natural,497,506,,8,17,497,8,26,506
30,P30 Front,BP,90,Natural,663,672,,11,3,663,11,12,672
30,P30 Front,BP,95,Natural,779,790,,12,59,779,13,10,790
30,P30 Front,BP,100,Natural,991,1007,,16,31,991,16,47,1007
30,P30 Front,BP,60% 62.5,Natural,1094,1132,,18,14,1094,18,52,1132
30,P30 Front,Row,N,Induced,1257,1283,,20,57,1257,21,23,1283
30,P30 Front,Row,A,Induced,1324,1345,,22,4,1324,22,25,1345
30,P30 Front,Row,R,Induced,1365,1388,,22,45,1365,23,8,1388
30,P30 Front,Row,Ext,Induced,1429,1454,,23,49,1429,24,14,1454
30,P30 Front,Row,RB,Induced,1480,1509,,24,40,1480,25,9,1509
30,P30 Front,Row,60,Natural,1627,1643,,27,7,1627,27,23,1643
30,P30 Front,Row,70,Natural,1761,1772,,29,21,1761,29,32,1772
30,P30 Front,Row,80,Natural,1872,1886,,31,12,1872,31,26,1886
30,P30 Front,Row,60% 47.5,Natural,2013,2050,,33,33,2013,34,10,2050
30,P30 Front,MP,N,Induced,2232,2258,,37,12,2232,37,38,2258
30,P30 Front,MP,A,Induced,2324,2362,,38,44,2324,39,22,2362
30,P30 Front,MP,R,Induced,2392,2419,,39,52,2392,40,19,2419
30,P30 Front,MP,Arch,Induced,2454,2490,,40,54,2454,41,30,2490
30,P30 Front,MP,35,Natural,2609,2626,,43,29,2609,43,46,2626
30,P30 Front,MP,45,Natural,2796,2809,,46,36,2796,46,49,2809
30,P30 Front,MP,50,Natural,2977,2991,,49,37,2977,49,51,2991
30,P30 Front,MP,60% 32.5,Natural,3087,3113,,51,27,3087,51,53,3113
30,P30 Front,CU,N,Natural,3224,3243,,53,44,3224,54,3,3243
30,P30 Front,PU,N,Natural,3318,3351,,55,18,3318,55,51,3351
31,P31 Front,BP,N,Induced,0,11,,0,0,0,0,11,11
31,P31 Front,BP,A,Induced,55,81,,0,55,55,1,21,81
31,P31 Front,BP,R,Induced,103,126,,1,43,103,2,6,126
31,P31 Front,BP,BB,Induced,153,168,,2,33,153,2,48,168
31,P31 Front,BP,Arch,Induced,211,235,,3,31,211,3,55,235
31,P31 Front,BP,20,Natural,339,358,,5,39,339,5,58,358
31,P31 Front,BP,25,Natural,440,451,,7,20,440,7,31,451
31,P31 Front,BP,30,Natural,538,550,,8,58,538,9,10,550
31,P31 Front,BP,35,Natural,641,650,,10,41,641,10,50,650
31,P31 Front,BP,60% 20,Natural,737,792,,12,17,737,13,12,792
31,P31 Front,Row,N,Induced,1000,1023,,16,40,1000,17,3,1023
31,P31 Front,Row,A,Induced,1050,1077,,17,30,1050,17,57,1077
31,P31 Front,Row,R,Induced,1099,1124,,18,19,1099,18,44,1124
31,P31 Front,Row,Ext,Induced,1166,1196,,19,26,1166,19,56,1196
31,P31 Front,Row,RB,Induced,1222,1245,,20,22,1222,20,45,1245
31,P31 Front,Row,25,Natural,1309,1329,,21,49,1309,22,9,1329
31,P31 Front,Row,30,Natural,1421,1432,,23,41,1421,23,52,1432
31,P31 Front,Row,32.5,Natural,1501,1512,,25,1,1501,25,12,1512
31,P31 Front,MP,N,Induced,1698,1725,,28,18,1698,28,45,1725
31,P31 Front,MP,A,Induced,1754,1784,,29,14,1754,29,44,1784
31,P31 Front,MP,R,Induced,1813,1841,,30,13,1813,30,41,1841
31,P31 Front,MP,Arch,Induced,1880,1913,,31,20,1880,31,53,1913
31,P31 Front,MP,20,Natural,2066,2090,,34,26,2066,34,50,2090
31,P31 Front,MP,25,Natural,2181,2185,,36,21,2181,36,25,2185
31,P31 Front,CU,N,Natural,2312,2328,,38,32,2312,38,48,2328
31,P31 Front,PU,N,Natural,2415,2443,,40,15,2415,40,43,2443
31,P31 Front,SLR,N,Natural,2668,2686,,44,28,2668,44,46,2686
31,P31 Front,MT,N,Natural,2756,2787,,45,56,2756,46,27,2787
32,P32 Front,BP,N,Induced,6,28,,0,6,6,0,28,28
32,P32 Front,BP,A,Induced,68,101,,1,8,68,1,41,101
32,P32 Front,BP,R,Induced,126,141,,2,6,126,2,21,141
32,P32 Front,BP,BB,Induced,176,191,,2,56,176,3,11,191
32,P32 Front,BP,Arch,Induced,262,293,,4,22,262,4,53,293
32,P32 Front,BP,100,Natural,523,533,,8,43,523,8,53,533
32,P32 Front,BP,120,Natural,699,707,,11,39,699,11,47,707
32,P32 Front,BP,130,Natural,911,921,,15,11,911,15,21,921
32,P32 Front,BP,135,Natural,1031,1041,,17,11,1031,17,21,1041
32,P32 Front,BP,60% 82.5,Natural,1233,1290,,20,33,1233,21,30,1290
32,P32 Front,Row,N,Induced,1517,1529,,25,17,1517,25,29,1529
32,P32 Front,Row,A,Induced,1590,1606,,26,30,1590,26,46,1606
32,P32 Front,Row,R,Induced,1640,1652,,27,20,1640,27,32,1652
32,P32 Front,Row,Ext,Induced,1682,1696,,28,2,1682,28,16,1696
32,P32 Front,Row,RB,Induced,1739,1752,,28,59,1739,29,12,1752
32,P32 Front,Row,60,Natural,1962,1970,,32,42,1962,32,50,1970
32,P32 Front,Row,80,Natural,2119,2125,,35,19,2119,35,25,2125
32,P32 Front,Row,90,Natural,2277,2284,,37,57,2277,38,4,2284
32,P32 Front,Row,100,Natural,2499,2505,,41,39,2499,41,45,2505
32,P32 Front,Row,60% 62.5,Natural,2600,2614,,43,20,2600,43,34,2614
32,P32 Front,MP,N,Induced,2800,2814,,46,40,2800,46,54,2814
32,P32 Front,MP,A,Induced,2843,2871,,47,23,2843,47,51,2871
32,P32 Front,MP,R,Induced,2902,2914,,48,22,2902,48,34,2914
32,P32 Front,MP,Arch,Induced,2965,2990,,49,25,2965,49,50,2990
32,P32 Front,MP,60,Natural,3195,3210,,53,15,3195,53,30,3210
32,P32 Front,MP,70,Natural,3308,3320,,55,8,3308,55,20,3320
32,P32 Front,MP,80,Natural,3401,3415,,56,41,3401,56,55,3415
32,P32 Front,MP,60% 50,Natural,3525,3558,,58,45,3525,59,18,3558
32,P32 Front,CU,N,Natural,3979,4008,,66,19,3979,66,48,4008
32,P32 Front,PU,N,Natural,4136,4189,,68,56,4136,69,49,4189
33,P33 Front,BP,N,Induced,19,49,,0,19,19,0,49,49
33,P33 Front,BP,A,Induced,87,121,,1,27,87,2,1,121
33,P33 Front,BP,R,Induced,143,176,,2,23,143,2,56,176
33,P33 Front,BP,BB,Induced,209,229,,3,29,209,3,49,229
33,P33 Front,BP,Arch,Induced,279,308,,4,39,279,5,8,308
33,P33 Front,BP,20,Natural,391,409,,6,31,391,6,49,409
33,P33 Front,BP,30,Natural,509,520,,8,29,509,8,40,520
33,P33 Front,BP,32.5,Natural,634,644,,10,34,634,10,44,644
33,P33 Front,BP,60% 20,Natural,736,773,,12,16,736,12,53,773
33,P33 Front,Row,N,Induced,1068,1094,,17,48,1068,18,14,1094
33,P33 Front,Row,A,Induced,1120,1147,,18,40,1120,19,7,1147
33,P33 Front,Row,R,Induced,1170,1198,,19,30,1170,19,58,1198
33,P33 Front,Row,Ext,Induced,1251,1279,,20,51,1251,21,19,1279
33,P33 Front,Row,RB,Induced,1310,1334,,21,50,1310,22,14,1334
33,P33 Front,Row,25,Natural,1392,1408,,23,12,1392,23,28,1408
33,P33 Front,Row,30,Natural,1527,1536,,25,27,1527,25,36,1536
33,P33 Front,Row,32.5,Natural,1670,1679,,27,50,1670,27,59,1679
33,P33 Front,Row,35,Natural,1843,1854,,30,43,1843,30,54,1854
33,P33 Front,Row,60% 25,Natural,1930,1973,,32,10,1930,32,53,1973
33,P33 Front,MP,N,Induced,2152,2188,,35,52,2152,36,28,2188
33,P33 Front,MP,A,Induced,2230,2262,,37,10,2230,37,42,2262
33,P33 Front,MP,R,Induced,2296,2333,,38,16,2296,38,53,2333
33,P33 Front,MP,Arch,Induced,2380,2414,,39,40,2380,40,14,2414
33,P33 Front,MP,20,Natrual,2552,2571,,42,32,2552,42,51,2571
33,P33 Front,MP,22.5,Natural,2658,2671,,44,18,2658,44,31,2671
33,P33 Front,CU,N,Natural,2867,2879,,47,47,2867,47,59,2879
33,P33 Front,PU,N,Natural,3000,3019,,50,0,3000,50,19,3019
34,P34 Front,BP,N,Induced,35,76,,0,35,35,1,16,76
34,P34 Front,BP,A,Induced,138,179,,2,18,138,2,59,179
34,P34 Front,BP,R,Induced,200,237,,3,20,200,3,57,237
34,P34 Front,BP,BB,Induced,272,306,,4,32,272,5,6,306
34,P34 Front,BP,Arch,Induced,345,383,,5,45,345,6,23,383
34,P34 Front,BP,25,Natural,564,586,,9,24,564,9,46,586
34,P34 Front,BP,30,Natural,729,743,,12,9,729,12,23,743
34,P34 Front,BP,35,Natural,842,856,,14,2,842,14,16,856
34,P34 Front,BP,40,Natural,977,993,,16,17,977,16,33,993
34,P34 Front,BP,60% 25,Natural,1092,1143,,18,12,1092,19,3,1143
34,P34 Front,Row,N,Induced,1420,1446,,23,40,1420,24,6,1446
34,P34 Front,Row,A,Induced,1505,1532,,25,5,1505,25,32,1532
34,P34 Front,Row,R,Induced,1557,1581,,25,57,1557,26,21,1581
34,P34 Front,Row,Ext,Induced,1625,1653,,27,5,1625,27,33,1653
34,P34 Front,Row,RB,Induced,1677,1702,,27,57,1677,28,22,1702
34,P34 Front,Row,25,Natural,1769,1786,,29,29,1769,29,46,1786
34,P34 Front,Row,30,Natural,1860,1870,,31,0,1860,31,10,1870
34,P34 Front,Row,35,Natural,1959,1970,,32,39,1959,32,50,1970
34,P34 Front,Row,40,Natural,2052,2063,,34,12,2052,34,23,2063
34,P34 Front,Row,60% 25,Natural,2145,2174,,35,45,2145,36,14,2174
34,P34 Front,MP,N,Induced,2424,2466,,40,24,2424,41,6,2466
34,P34 Front,MP,A,Induced,2509,2554,,41,49,2509,42,34,2554
34,P34 Front,MP,R,Induced,2589,2623,,43,9,2589,43,43,2623
34,P34 Front,MP,Arch,Induced,2680,2725,,44,40,2680,45,25,2725
34,P34 Front,MP,20,Natural,2868,2893,,47,48,2868,48,13,2893
34,P34 Front,MP,25,Natural,2954,2968,,49,14,2954,49,28,2968
34,P34 Front,CU,N,Natural,3081,3101,,51,21,3081,51,41,3101
34,P34 Front,PU,N,Natural,3171,3188,,52,51,3171,53,8,3188
35,P35 Front,BP,N,Induced,0,25,,0,0,0,0,25,25
35,P35 Front,BP,A,Induced,112,143,,1,52,112,2,23,143
35,P35 Front,BP,R,Induced,165,189,,2,45,165,3,9,189
35,P35 Front,BP,BB,Induced,212,229,,3,32,212,3,49,229
35,P35 Front,BP,Arch,Induced,294,322,,4,54,294,5,22,322
35,P35 Front,BP,45,Natural,430,449,,7,10,430,7,29,449
35,P35 Front,BP,50,Natural,630,640,,10,30,630,10,40,640
35,P35 Front,BP,55,Natural,762,772,,12,42,762,12,52,772
35,P35 Front,BP,60,Natural,1028,1040,,17,8,1028,17,20,1040
35,P35 Front,BP,65,Natural,1251,1260,,20,51,1251,21,0,1260
35,P35 Front,BP,60% 40,Natural,1320,1371,,22,0,1320,22,51,1371
35,P35 Front,Row,N,Induced,1550,1571,,25,50,1550,26,11,1571
35,P35 Front,Row,A,Induced,1621,1641,,27,1,1621,27,21,1641
35,P35 Front,Row,R,Induced,1662,1684,,27,42,1662,28,4,1684
35,P35 Front,Row,Ext,Induced,1726,1747,,28,46,1726,29,7,1747
35,P35 Front,Row,RB,Induced,1240,1804,,20,40,1240,30,4,1804
35,P35 Front,Row,55,Natural,1894,1908,,31,34,1894,31,48,1908
35,P35 Front,Row,60,Natural,1999,2008,,33,19,1999,33,28,2008
35,P35 Front,Row,65,Natural,2241,2251,,37,21,2241,37,31,2251
35,P35 Front,Row,70,Natural,2423,2432,,40,23,2423,40,32,2432
35,P35 Front,Row,75,Natural,2692,2702,,44,52,2692,45,2,2702
35,P35 Front,Row,60% 45,Natural,2795,2841,,46,35,2795,47,21,2841
35,P35 Front,MP,N,Induced,3017,3045,,50,17,3017,50,45,3045
35,P35 Front,MP,A,Induced,3097,3122,,51,37,3097,52,2,3122
35,P35 Front,MP,R,Induced,3150,3175,,52,30,3150,52,55,3175
35,P35 Front,MP,Arch,Induced,3207,3233,,53,27,3207,53,53,3233
35,P35 Front,MP,30,Natural,3397,3414,,56,37,3397,56,54,3414
35,P35 Front,MP,35,Natural,3542,3553,,59,2,3542,59,13,3553
35,P35 Front,MP,40,Natural,3715,3725,,61,55,3715,62,5,3725
35,P35 Front,MP,60% 20,Natural,3767,3803,,62,47,3767,63,23,3803
35,P35 Front,CU,N,Natural,3928,3958,,65,28,3928,65,58,3958
35,P35 Front,PU,N,Natural,4023,4043,,67,3,4023,67,23,4043
36,P36 Front,BP,N,Induced,69,84,,1,9,69,1,24,84
36,P36 Front,BP,A,Induced,117,145,,1,57,117,2,25,145
36,P36 Front,BP,R,Induced,168,185,,2,48,168,3,5,185
36,P36 Front,BP,BB,Induced,209,229,,3,29,209,3,49,229
36,P36 Front,BP,Arch,Induced,264,283,,4,24,264,4,43,283
36,P36 Front,BP,70,Narutal,376,389,,6,16,376,6,29,389
36,P36 Front,BP,75,Narutal,458,466,,7,38,458,7,46,466
36,P36 Front,BP,80,Narutal,547,555,,9,7,547,9,15,555
36,P36 Front,BP,85,Narutal,615,628,,10,15,615,10,28,628
36,P36 Front,BP,60% 52.5,Narutal,732,770,,12,12,732,12,50,770
36,P36 Front,Row,N,Induced,917,933,,15,17,917,15,33,933
36,P36 Front,Row,A,Induced,954,973,,15,54,954,16,13,973
36,P36 Front,Row,R,Induced,992,1009,,16,32,992,16,49,1009
36,P36 Front,Row,Ext,Induced,1046,1066,,17,26,1046,17,46,1066
36,P36 Front,Row,RB,Induced,1102,1120,,18,22,1102,18,40,1120
36,P36 Front,Row,40,Natural,1266,1278,,21,6,1266,21,18,1278
36,P36 Front,Row,45,Natural,1339,1346,,22,19,1339,22,26,1346
36,P36 Front,Row,50,Natural,1422,1428,,23,42,1422,23,48,1428
36,P36 Front,Row,55,Natural,1464,1472,,24,24,1464,24,32,1472
36,P36 Front,Row,60,Natural,1522,1530,,25,22,1522,25,30,1530
36,P36 Front,Row,60% 37.5,Natural,1669,1709,,27,49,1669,28,29,1709
36,P36 Front,MP,N,Induced,1835,1852,,30,35,1835,30,52,1852
36,P36 Front,MP,A,Induced,1911,1934,,31,51,1911,32,14,1934
36,P36 Front,MP,R,Induced,1970,1989,,32,50,1970,33,9,1989
36,P36 Front,MP,Arch,Induced,2030,2055,,33,50,2030,34,15,2055
36,P36 Front,MP,40,Natural,2136,2150,,35,36,2136,35,50,2150
36,P36 Front,MP,45,Natural,2205,2216,,36,45,2205,36,56,2216
36,P36 Front,MP,60% 27.5,Natural,2309,2332,,38,29,2309,38,52,2332
36,P36 Front,CU,N,Natural,2634,2672,,43,54,2634,44,32,2672
36,P36 Front,PU,N,Natural,2750,2786,,45,50,2750,46,26,2786
37,P37 Front,BP,N,Induced,24,57,,0,24,24,0,57,57
37,P37 Front,BP,A,Induced,155,196,,2,35,155,3,16,196
37,P37 Front,BP,R,Induced,217,250,,3,37,217,4,10,250
37,P37 Front,BP,BB,Induced,287,307,,4,47,287,5,7,307
37,P37 Front,BP,Arch,Induced,347,382,,5,47,347,6,22,382
37,P37 Front,BP,40,Natural,505,529,,8,25,505,8,49,529
37,P37 Front,BP,60,Natural,631,647,,10,31,631,10,47,647
37,P37 Front,BP,65,Natural,795,810,,13,15,795,13,30,810
37,P37 Front,BP,60% 40,Natural,911,940,,15,11,911,15,40,940
37,P37 Front,Row,N,Induced,1221,1254,,20,21,1221,20,54,1254
37,P37 Front,Row,A,Induced,1299,1329,,21,39,1299,22,9,1329
37,P37 Front,Row,R,Induced,1350,1375,,22,30,1350,22,55,1375
37,P37 Front,Row,Ext,Induced,1429,1459,,23,49,1429,24,19,1459
37,P37 Front,Row,RB,Induced,1506,1534,,25,6,1506,25,34,1534
37,P37 Front,Row,30,Natural,1663,1684,,27,43,1663,28,4,1684
37,P37 Front,Row,40,Natural,1798,1811,,29,58,1798,30,11,1811
37,P37 Front,Row,50,Natural,1921,1935,,32,1,1921,32,15,1935
37,P37 Front,Row,60,Natural,2040,2054,,34,0,2040,34,14,2054
37,P37 Front,Row,60% 35,Natural,2164,2199,,36,4,2164,36,39,2199
37,P37 Front,MP,N,Induced,2471,2513,,41,11,2471,41,53,2513
37,P37 Front,MP,A,Induced,2573,2610,,42,53,2573,43,30,2610
37,P37 Front,MP,R,Induced,2906,2942,,48,26,2906,49,2,2942
37,P37 Front,MP,Arch,Induced,2994,3035,,49,54,2994,50,35,3035
37,P37 Front,MP,25,Natural,3236,3264,,53,56,3236,54,24,3264
37,P37 Front,MP,30,Natural,3361,3377,,56,1,3361,56,17,3377
37,P37 Front,MP,35,Natural,3443,3460,,57,23,3443,57,40,3460
37,P37 Front,CU,N,Natural,3562,3595,,59,22,3562,59,55,3595
37,P37 Front,PU,N,Natural,3699,3722,,61,39,3699,62,2,3722
38,P38 Front,BP,N,Induced,16,32,,0,16,16,0,32,32
38,P38 Front,BP,A,Induced,77,104,,1,17,77,1,44,104
38,P38 Front,BP,R,Induced,127,148,,2,7,127,2,28,148
38,P38 Front,BP,BB,Induced,178,195,,2,58,178,3,15,195
38,P38 Front,BP,Arch,Induced,240,265,,4,0,240,4,25,265
38,P38 Front,70,N,Natural,385,400,,6,25,385,6,40,400
38,P38 Front,80,N,Natural,464,474,,7,44,464,7,54,474
38,P38 Front,85,N,Natural,574,583,,9,34,574,9,43,583
38,P38 Front,92.5,N,Natural,763,776,,12,43,763,12,56,776
38,P38 Front,100,N,Natural,1087,1094,,18,7,1087,18,14,1094
38,P38 Front,60% 60,N,Natural,1189,1230,,19,49,1189,20,30,1230
38,P38 Front,Row,N,Induced,1350,1366,,22,30,1350,22,46,1366
38,P38 Front,Row,A,Induced,1413,1436,,23,33,1413,23,56,1436
38,P38 Front,Row,R,Induced,1466,1485,,24,26,1466,24,45,1485
38,P38 Front,Row,Ext,Induced,1533,1556,,25,33,1533,25,56,1556
38,P38 Front,Row,RB,Induced,1578,1599,,26,18,1578,26,39,1599
38,P38 Front,Row,45,Natural,1734,1746,,28,54,1734,29,6,1746
38,P38 Front,Row,55,Natural,1839,1846,,30,39,1839,30,46,1846
38,P38 Front,Row,62.5,Natural,1924,1931,,32,4,1924,32,11,1931
38,P38 Front,Row,65,Natural,2047,2055,,34,7,2047,34,15,2055
38,P38 Front,Row,60% 40,Natural,2131,2158,,35,31,2131,35,58,2158
38,P38 Front,MP,N,Induced,2297,2315,,38,17,2297,38,35,2315
38,P38 Front,MP,A,Induced,2358,2383,,39,18,2358,39,43,2383
38,P38 Front,MP,R,Induced,2406,2427,,40,6,2406,40,27,2427
38,P38 Front,MP,Arch,Induced,2458,2481,,40,58,2458,41,21,2481
38,P38 Front,MP,45,Natural,2606,2622,,43,26,2606,43,42,2622
38,P38 Front,MP,50,Natural,2775,2783,,46,15,2775,46,23,2783
38,P38 Front,MP,55,Natural,3101,3111,,51,41,3101,51,51,3111
38,P38 Front,MP,60% 32.5,Natural,3226,3264,,53,46,3226,54,24,3264
38,P38 Front,CU,N,Natural,3394,3417,,56,34,3394,56,57,3417
38,P38 Front,PU,N,Natural,3483,3514,,58,3,3483,58,34,3514
39,P39 Front 1,BP,N,Induced,0,8,,0,0,0,0,8,8
39,P39 Front 1,BP,A,Induced,55,91,,0,55,55,1,31,91
39,P39 Front 1,BP,R,Induced,225,241,,3,45,225,4,1,241
39,P39 Front 1,BP,BB,Induced,382,397,,6,22,382,6,37,397
39,P39 Front 1,BP,Arch,Induced,625,655,,10,25,625,10,55,655
39,P39 Front 1,BP,70,Natural,1083,1096,,18,3,1083,18,16,1096
39,P39 Front 1,BP,80,Natural,1211,1219,,20,11,1211,20,19,1219
39,P39 Front 1,BP,90,Natural,1443,1453,,24,3,1443,24,13,1453
39,P39 Front 1,BP,100,Natural,2148,2157,,35,48,2148,35,57,2157
39,P39 Front 1,BP,105,Natural,2465,2476,,41,5,2465,41,16,2476
39,P39 Front 1,BP,110,Natural,2782,2792,,46,22,2782,46,32,2792
39,P39 Front 1,BP,60% 70,Natural,2893,2930,,48,13,2893,48,50,2930
39,P39 Front 1,Row,N,Induced,3172,3178,,52,52,3172,52,58,3178
39,P39 Front 1,Row,A,Induced,3251,3272,,54,11,3251,54,32,3272
39,P39 Front 1,Row,R,Induced,3379,3396,,56,19,3379,56,36,3396
39,P39 Front 1,Row,Ext,Induced,3497,3521,,58,17,3497,58,41,3521
39,P39 Front 1,Row,RB,Induced,3571,3591,,59,31,3571,59,51,3591
39,P39 Front 1,Row,45,Natural,4086,4097,,68,6,4086,68,17,4097
39,P39 Front 1,Row,50,Natural,4170,4177,,69,30,4170,69,37,4177
39,P39 Front 1,Row,55,Natural,4314,4321,,71,54,4314,72,1,4321
39,P39 Front 1,Row,60,Natural,4499,4506,,74,59,4499,75,6,4506
39,P39 Front 1,Row,60% 40,Natural,4741,4779,,79,1,4741,79,39,4779
39,P39 Front 1,MP,N,Induced,5335,5352,,88,55,5335,89,12,5352
39,P39 Front 1,MP,40,Natural,5446,5459,,90,46,5446,90,59,5459
39,P39 Front 1,MP,50,Natural,5577,5584,,92,57,5577,93,4,5584
39,P39 Front 2,MP,55,Natural,185,195,,3,5,185,3,15,195
39,P39 Front 2,MP,60% 35,Natural,388,422,,6,28,388,7,2,422
40,P40 Front,BP,N,Induced,2,33,,0,2,2,0,33,33
40,P40 Front,BP,A,Induced,90,117,,1,30,90,1,57,117
40,P40 Front,BP,R,Induced,140,163,,2,20,140,2,43,163
40,P40 Front,BP,BB,Induced,223,241,,3,43,223,4,1,241
40,P40 Front,BP,Arch,Induced,323,355,,5,23,323,5,55,355
40,P40 Front,BP,50,Natural,517,534,,8,37,517,8,54,534
40,P40 Front,BP,60,Natural,632,641,,10,32,632,10,41,641
40,P40 Front,BP,65,Natural,756,765,,12,36,756,12,45,765
40,P40 Front,BP,70,Natural,914,926,,15,14,914,15,26,926
40,P40 Front,BP,75,Natural,1003,1020,,16,43,1003,17,0,1020
40,P40 Front,BP,60% 45,Natural,1131,1195,,18,51,1131,19,55,1195
40,P40 Front,Row,N,Induced,1515,1534,,25,15,1515,25,34,1534
40,P40 Front,Row,A,Induced,1581,1601,,26,21,1581,26,41,1601
40,P40 Front,Row,R,Induced,1624,1643,,27,4,1624,27,23,1643
40,P40 Front,Row,Ext,Induced,1670,1698,,27,50,1670,28,18,1698
40,P40 Front,Row,RB,Induced,1727,1751,,28,47,1727,29,11,1751
40,P40 Front,Row,50,Natural,1830,1844,,30,30,1830,30,44,1844
40,P40 Front,Row,55,Natural,1914,1924,,31,54,1914,32,4,1924
40,P40 Front,Row,60,Natural,2028,2037,,33,48,2028,33,57,2037
40,P40 Front,Row,62.5,Natural,2164,2172,,36,4,2164,36,12,2172
40,P40 Front,Row,65,Natural,2243,2251,,37,23,2243,37,31,2251
40,P40 Front,Row,60% 40,Natural,2405,2443,,40,5,2405,40,43,2443
40,P40 Front,MP,N,Induced,2605,2637,,43,25,2605,43,57,2637
40,P40 Front,MP,A,Induced,2679,2712,,44,39,2679,45,12,2712
40,P40 Front,MP,R,Induced,2745,2775,,45,45,2745,46,15,2775
40,P40 Front,MP,Arch,Induced,2807,2837,,46,47,2807,47,17,2837
40,P40 Front,MP,25,Natural,2948,2970,,49,8,2948,49,30,2970
40,P40 Front,MP,32.5,Natural,3061,3073,,51,1,3061,51,13,3073
40,P40 Front,MP,37.5,Natural,3127,3139,,52,7,3127,52,19,3139
40,P40 Front,MP,40,Natural,3193,3206,,53,13,3193,53,26,3206
40,P40 Front,MP,42.5,Natural,3329,3341,,55,29,3329,55,41,3341
40,P40 Front,MP,45,Natural,3404,3420,,56,44,3404,57,0,3420
40,P40 Front,MP,47.5,Natural,3512,3524,,58,32,3512,58,44,3524
40,P40 Front,MP,60% 30,Natural,3681,3721,,61,21,3681,62,1,3721
40,P40 Front,CU,N,Natural,4049,4097,,67,29,4049,68,17,4097
40,P40 Front,PU,N,Natural,4227,4284,,70,27,4227,71,24,4284
41,P41 Front,BP,N,Induced,20,43,,0,20,20,0,43,43
41,P41 Front,BP,A,Induced,123,154,,2,3,123,2,34,154
41,P41 Front,BP,R,Induced,175,198,,2,55,175,3,18,198
41,P41 Front,BP,BB,Induced,234,249,,3,54,234,4,9,249
41,P41 Front,BP,Arch,Induced,289,316,,4,49,289,5,16,316
41,P41 Front,BP,35,Natural,467,485,,7,47,467,8,5,485
41,P41 Front,BP,42.5,Natural,621,631,,10,21,621,10,31,631
41,P41 Front,BP,47.5,Natural,725,739,,12,5,725,12,19,739
41,P41 Front,BP,60% 30,Natural,871,924,,14,31,871,15,24,924
41,P41 Front,Row,N,Induced,1202,1223,,20,2,1202,20,23,1223
41,P41 Front,Row,A,Induced,1278,1306,,21,18,1278,21,46,1306
41,P41 Front,Row,R,Induced,1330,1350,,22,10,1330,22,30,1350
41,P41 Front,Row,Ext,Induced,1424,1451,,23,44,1424,24,11,1451
41,P41 Front,Row,RB,Induced,1495,1515,,24,55,1495,25,15,1515
41,P41 Front,Row,30,Natural,1757,1770,,29,17,1757,29,30,1770
41,P41 Front,Row,40,Natural,1916,1924,,31,56,1916,32,4,1924
41,P41 Front,Row,45,Natural,2106,2114,,35,6,2106,35,14,2114
41,P41 Front,Row,47.5,Natural,2245,2253,,37,25,2245,37,33,2253
41,P41 Front,Row,50,Natural,2346,2355,,39,6,2346,39,15,2355
41,P41 Front,Row,60% 27.5,Natural,2449,2476,,40,49,2449,41,16,2476
41,P41 Front,MP,N,Induced,2753,2785,,45,53,2753,46,25,2785
41,P41 Front,MP,A,Induced,2859,2888,,47,39,2859,48,8,2888
41,P41 Front,MP,R,Induced,2920,2947,,48,40,2920,49,7,2407
41,P41 Front,MP,Arch,Induced,2994,3023,,49,54,2994,50,23,3023
41,P41 Front,MP,25,Natural,3142,3171,,52,22,3142,52,51,3171
41,P41 Front,MP,27.5,Natural,3318,3334,,55,18,3318,55,34,3334
41,P41 Front,CU,N,Natural,3460,3485,,57,40,3460,58,5,3485
41,P41 Front,PU,N,Natural,3611,94,,60,11,3611,1,34,94
42,P42 Front,BP,90,Natural,15,29,,0,15,15,0,29,29
42,P42 Front,BP,100,Natural,167,175,,2,47,167,2,55,175
42,P42 Front,BP,110,Natural,290,298,,4,50,290,4,58,298
42,P42 Front,BP,120,Natural,515,529,,8,35,515,8,49,529
42,P42 Front,BP,60% 75,Natural,619,651,,10,19,619,10,51,651
42,P42 Front,Row,N,Induced,803,822,,13,23,803,13,42,822
42,P42 Front,Row,A,Induced,846,865,,14,6,846,14,25,865
42,P42 Front,Row,R,Induced,884,903,,14,44,884,15,3,903
42,P42 Front,Row,Ext,Induced,934,956,,15,34,934,15,56,956
42,P42 Front,Row,RB,Induced,996,1013,,16,36,996,16,53,1013
42,P42 Front,Row,70,Natural,1137,1149,,18,57,1137,19,9,1149
42,P42 Front,Row,80,Natural,1250,1257,,20,50,1250,20,57,1257
42,P42 Front,Row,90,Natural,1367,1375,,22,47,1367,22,55,1375
42,P42 Front,Row,100,Natural,1443,1452,,24,3,1443,24,12,1452
42,P42 Front,Row,105,Natural,1526,1534,,25,26,1526,25,34,1534
42,P42 Front,Row,60% 70,Natural,1644,1665,,27,24,1644,27,45,1665
42,P42 Front,MP,N,Induced,1855,1881,,30,55,1855,31,21,1881
42,P42 Front,MP,A,Induced,1918,1945,,31,58,1918,32,25,1945
42,P42 Front,MP,R,Induced,1975,1997,,32,55,1975,33,17,1997
42,P42 Front,MP,Arch,Induced,2061,2091,,34,21,2061,34,51,2091
42,P42 Front,MP,60,Natural ,2212,2226,,36,52,2212,37,6,2226
42,P42 Front,MP,65,Natural ,2328,2338,,38,48,2328,38,58,2338
42,P42 Front,MP,70,Natural ,2489,2502,,41,29,2489,41,42,2502
42,P42 Front,MP,60% 42.5,Natural ,2615,2636,,43,35,2615,43,56,2636
42,P42 Front,CU,N,Natural ,2770,2807,,46,10,2770,46,47,2807
42,P42 Front,PU,N,Natural ,3010,3036,,50,10,3010,50,36,3036
43,P43 Front,BP,N,Induced,35,57,,0,35,35,0,57,57
43,P43 Front,BP,30,Natural,145,159,,2,25,145,2,39,159
43,P43 Front,BP,40,Natural,274,283,,4,34,274,4,43,283
43,P43 Front,BP,50,Natural,360,369,,6,0,360,6,9,369
43,P43 Front,BP,55,Natural,454,464,,7,34,454,7,44,464
43,P43 Front,BP,60,Natural,584,595,,9,44,584,9,55,595
43,P43 Front,BP,65,Natural,765,777,,12,45,765,12,57,777
43,P43 Front,BP,60% 40,Natural,881,927,,14,41,881,15,27,927
43,P43 Front,Row,N,Induced,1218,1241,,20,18,1218,20,41,1241
43,P43 Front,Row,25,Natural,1314,1331,,21,54,1314,22,11,1331
43,P43 Front,Row,30,Natural,1420,1429,,23,40,1420,23,49,1429
43,P43 Front,Row,35,Natural,1520,1532,,25,20,1520,25,32,1532
43,P43 Front,MP,N,Induced,1763,1796,,29,23,1763,29,56,1796
43,P43 Front,MP,25,Natural,1973,1990,,32,53,1973,33,10,1990
43,P43 Front,MP,30,Natural,2221,2231,,37,1,2221,37,11,2231
43,P43 Front,MP,35,Natural,2333,2344,,38,53,2333,39,4,2344
43,P43 Front,MP,40,Natural,2443,2453,,40,43,2443,40,53,2453
43,P43 Front,CU,N,Natural,2594,2614,,43,14,2594,43,34,2614
43,P43 Front,PU,N,Natural,2698,2727,,44,58,2698,45,27,2727
44,P44 Front,BP,N,Induced,40,50,,0,40,40,0,50,50
44,P44 Front,BP,A,Induced,97,117,,1,37,97,1,57,117
44,P44 Front,BP,R,Induced,139,154,,2,19,139,2,34,154
44,P44 Front,BP,BB,Induced,201,212,,3,21,201,3,32,212
44,P44 Front,BP,Arch,Induced,253,272,,4,13,253,4,32,272
44,P44 Front,BP,75,Natural,438,448,,7,18,438,7,28,448
44,P44 Front,BP,100,Natural,597,604,,9,57,597,10,4,604
44,P44 Front,BP,107.5,Natural,765,774,,12,45,765,12,54,774
44,P44 Front,BP,112.5,Natural,1024,1033,,17,4,1024,17,13,1033
44,P44 Front,BP,115,Natural,1413,1421,,23,33,1413,23,41,1421
44,P44 Front,BP,60% 70,Natural,1516,1555,,25,16,1516,25,55,1555
44,P44 Front,Row,N,Induced,1877,1894,,31,17,1877,31,34,1894
44,P44 Front,Row,A,Induced,1924,1946,,32,4,1924,32,26,1946
44,P44 Front,Row,R,Induced,1977,1995,,32,57,1977,33,15,1995
44,P44 Front,Row,Ext,Induced,2043,2061,,34,3,2043,34,21,2061
44,P44 Front,Row,RB,Induced,2090,2106,,34,50,2090,35,6,2106
44,P44 Front,Row,50,Natural,2287,2300,,38,7,2287,38,20,2300
44,P44 Front,Row,60,Natural,2383,2391,,39,43,2383,39,51,2391
44,P44 Front,Row,67.5,Natural,2486,2495,,41,26,2486,41,35,2495
44,P44 Front,Row,75,Natural,2680,2688,,44,40,2680,44,48,2688
44,P44 Front,Row,80,Natural,2860,2869,,47,40,2860,47,49,2869
44,P44 Front,Row,85,Natural,2973,2981,,49,33,2973,49,41,2981
44,P44 Front,Row,60% 52.5,Natural,3087,3120,,51,27,3087,52,0,3120
44,P44 Front,MP,N,Induced,3315,3338,,55,15,3315,55,38,3338
44,P44 Front,MP,A,Induced,3371,3398,,56,11,3371,56,38,3398
44,P44 Front,MP,R,Induced,3478,3499,,57,58,3478,58,19,3499
44,P44 Front,MP,Arch,Induced,3580,3668,,59,40,3580,61,8,3668
44,P44 Front,MP,40,Natural,3814,3831,,63,34,3814,63,51,3831
44,P44 Front,MP,50,Natural,3953,3963,,65,53,3953,66,3,3963
44,P44 Front,MP,55,Natural,4265,4279,,71,5,4265,71,19,4279
44,P44 Front,MP,57.5,Natural,4752,4762,,79,12,4752,79,22,4762
44,P44 Front,MP,60% 35,Natural,4867,4897,,81,7,4867,81,37,4897
44,P44 Front,CU,N,Natural,5014,5027,,83,34,5014,83,47,5027
44,P44 Front,PU,N,Natural,5124,5150,,85,24,5124,85,50,5150
45,P45 Front,BP,N,Induced,33,57,,0,33,33,0,57,57
45,P45 Front,BP,A,Induced,100,127,,1,40,100,2,7,127
45,P45 Front,BP,R,Induced,152,172,,2,32,152,2,52,172
45,P45 Front,BP,BB,Induced,228,244,,3,48,228,4,4,244
45,P45 Front,BP,Arch,Induced,294,318,,4,54,294,5,18,318
45,P45 Front,BP,20,Natural,422,438,,7,2,422,7,18,438
45,P45 Front,BP,25,Natural,540,552,,9,0,540,9,12,552
45,P45 Front,BP,27.5,Natural,673,685,,11,13,673,11,25,685
45,P45 Front,Row,N,Induced,945,963,,15,45,945,16,3,963
45,P45 Front,Row,A,Induced,987,1006,,16,27,987,16,46,1006
45,P45 Front,Row,R,Induced,1028,1047,,17,8,1028,17,27,1047
45,P45 Front,Row,Ext,Induced,1087,1109,,18,7,1087,18,29,1109
45,P45 Front,Row,RB,Induced,1143,1163,,19,3,1143,19,23,1163
45,P45 Front,Row,25,Natural,1242,1260,,20,42,1242,21,0,1260
45,P45 Front,MP,N,Induced,1457,1477,,24,17,1457,24,37,1477
45,P45 Front,MP,A,Induced,1509,1534,,25,9,1509,25,34,1534
45,P45 Front,MP,R,Induced,1571,1600,,26,11,1571,26,40,1600
45,P45 Front,MP,Arch,Induced,1650,1680,,27,30,1650,28,0,1680
45,P45 Front,PU,N,Natural,1807,1836,,30,7,1807,30,36,1836
45,P45 Front,CU,N,Natural,1904,1939,,31,44,1904,32,19,1939
46,P46 Front,BP,N,Induced,64,80,,1,4,64,1,20,80
46,P46 Front,BP,A,Induced,125,151,,2,5,125,2,31,151
46,P46 Front,BP,R,Induced,178,195,,2,58,178,3,15,195
46,P46 Front,BP,BB,Induced,220,233,,3,40,220,3,53,233
46,P46 Front,BP,Arch,Induced,275,294,,4,35,275,4,54,294
46,P46 Front,BP,55,Natural,400,413,,6,40,400,6,53,413
46,P46 Front,BP,65,Natural,523,531,,8,43,523,8,51,531
46,P46 Front,BP,70,Natural,607,617,,10,7,607,10,17,617
46,P46 Front,BP,75,Natural,709,722,,11,49,709,12,2,722
46,P46 Front,BP,60% 40,Natural,819,857,,13,39,819,14,17,857
46,P46 Front,Row,N,Induced,1018,1037,,16,58,1018,17,17,1037
46,P46 Front,Row,A,Induced,1070,1091,,17,50,1070,18,11,1091
46,P46 Front,Row,R,Induced,1111,1128,,18,31,1111,18,48,1128
46,P46 Front,Row,Ext,Induced,1162,1181,,19,22,1162,19,41,1181
46,P46 Front,Row,RB,Induced,1222,1236,,20,22,1222,20,36,1236
46,P46 Front,Row,45,Natural,1342,1353,,22,22,1342,22,33,1353
46,P46 Front,Row,55,Natural,1511,1518,,25,11,1511,25,18,1518
46,P46 Front,Row,62.5,Natural,1611,1618,,26,51,1611,26,58,1618
46,P46 Front,Row,67.5,Natural,1728,1737,,28,48,1728,28,57,1737
46,P46 Front,Row,60% 45,Natural,1860,1895,,31,0,1860,31,35,1895
46,P46 Front,MP,N,Induced,2294,2315,,38,14,2294,38,35,2315
46,P46 Front,MP,A,Induced,2374,2399,,39,34,2374,39,59,2399
46,P46 Front,MP,R,Induced,2434,2458,,40,34,2434,40,58,2458
46,P46 Front,MP,Arch,Induced,2492,2516,,41,32,2492,41,56,2516
46,P46 Front,MP,25,Natural,2650,2662,,44,10,2650,44,22,2662
46,P46 Front,MP,30,Natural,2927,2933,,48,47,2927,48,53,2933
46,P46 Front,MP,35,Natural,2995,3002,,49,55,2995,50,2,3002
46,P46 Front,MP,40,Natural,3078,3086,,51,18,3078,51,26,3086
46,P46 Front,MP,60% 25,Natural,3186,3215,,53,6,3186,53,35,3215
46,P46 Front,CU,N,Natural,3338,3369,,55,38,3338,56,9,3369
46,P46 Front,PU,N,Natural,3458,3495,,57,38,3458,58,15,3495
47,P47 Front,BP,N,Induced,45,63,,0,45,45,1,3,63
47,P47 Front,BP,A,Induced,132,152,,2,12,132,2,32,152
47,P47 Front,BP,R,Induced,180,198,,3,0,180,3,18,198
47,P47 Front,BP,BB,Induced,233,248,,3,53,233,4,8,248
47,P47 Front,BP,Arch,Induced,292,316,,4,52,292,5,16,316
47,P47 Front,BP,60,Natural,446,462,,7,26,446,7,42,462
47,P47 Front,BP,70,Natural,557,566,,9,17,557,9,26,566
47,P47 Front,BP,77.5,Natural,677,691,,11,17,677,11,31,691
47,P47 Front,BP,82.5,Natural,815,831,,13,35,815,13,51,831
47,P47 Front,BP,85,Natural,990,1003,,16,30,990,16,43,1003
47,P47 Front,BP,60% 52.8,Natural,1116,1161,,18,36,1116,19,21,1161
47,P47 Front,Row,N,Induced,1313,1332,,21,53,1313,22,12,1332
47,P47 Front,Row,A,Induced,1363,1384,,22,43,1363,23,4,1384
47,P47 Front,Row,R,Induced,1406,1423,,23,26,1406,23,43,1423
47,P47 Front,Row,Ext,Induced,1465,1487,,24,25,1465,24,47,1487
47,P47 Front,Row,RB,Induced,1525,1546,,25,25,1525,25,46,1546
47,P47 Front,Row,35,Natural,1658,1670,,27,38,1658,27,50,1670
47,P47 Front,Row,50,Natural,1772,1780,,29,32,1772,29,40,1780
47,P47 Front,Row,60,Natural,1842,1850,,30,42,1842,30,50,1850
47,P47 Front,Row,67.5,Natural,1932,1941,,32,12,1932,32,21,1941
47,P47 Front,Row,60% 42.5,Natural,2059,2095,,34,19,2059,34,55,2095
47,P47 Front,MP,N,Induced,2300,2327,,38,20,2300,38,47,2327
47,P47 Front,MP,A,Induced,2406,2435,,40,6,2406,40,35,2435
47,P47 Front,MP,R,Induced,2465,2496,,41,5,2465,41,36,2496
47,P47 Front,MP,Arch,Induced,2551,2589,,42,31,2551,43,9,2589
47,P47 Front,MP,30,Natural,2714,2730,,45,14,2714,45,30,2730
47,P47 Front,MP,40,Natural,2784,2796,,46,24,2784,46,36,2796
47,P47 Front,MP,45,Natural,2879,2892,,47,59,2879,48,12,2892
47,P47 Front,MP,60% 27.5,Natural,2997,3034,,49,57,2997,50,34,3034
47,P47 Front,CU,N,Natural,3136,3182,,52,16,3136,53,2,3182
47,P47 Front,PU,N,Natural,3308,3365,,55,8,3308,56,5,3365
48,P48 Front,BP,N,Induced,42,63,,0,42,42,1,3,63
48,P48 Front,BP,A,Induced,120,154,,2,0,120,2,34,154
48,P48 Front,BP,R,Induced,180,202,,3,0,180,3,22,202
48,P48 Front,BP,BB,Induced,241,256,,4,1,241,4,16,256
48,P48 Front,BP,Arch,Induced,294,318,,4,54,294,5,18,318
48,P48 Front,BP,50,Natural,430,442,,7,10,430,7,22,442
48,P48 Front,BP,65,Natural,576,583,,9,36,576,9,43,583
48,P48 Front,BP,75,Natural,718,728,,11,58,718,12,8,728
48,P48 Front,BP,80,Natural,752,814,,12,32,752,13,34,814
48,P48 Front,BP,85,Natural,960,977,,16,0,960,16,17,977
48,P48 Front,BP,60% 52.5,Natural,1066,1119,,17,46,1066,18,39,1119
48,P48 Front,Row,N,Induced,1287,1308,,21,27,1287,21,48,1308
48,P48 Front,Row,A,Induced,1338,1360,,22,18,1338,22,40,1360
48,P48 Front,Row,R,Induced,1392,1409,,23,12,1392,23,29,1409
48,P48 Front,Row,Ext,Induced,1452,1479,,24,12,1452,24,39,1479
48,P48 Front,Row,RB,Induced,1532,1552,,25,32,1532,25,52,1552
48,P48 Front,Row,40,Natrual,1682,1696,,28,2,1682,28,16,1696
48,P48 Front,Row,50,Natrual,1780,1788,,29,40,1780,29,48,1788
48,P48 Front,Row,55,Natrual,1888,1897,,31,28,1888,31,37,1897
48,P48 Front,Row,62.5,Natrual,1984,1991,,33,4,1984,33,11,1991
48,P48 Front,Row,67.5,Natrual,1973,2101,,32,53,1973,35,1,2101
48,P48 Front,Row,60% 42.5,Natrual,2182,2219,,36,22,2182,36,59,2219
48,P48 Front,MP,N,Induced,2393,2411,,39,53,2393,40,11,2411
48,P48 Front,MP,A,Induced,2447,2473,,40,47,2447,41,13,2473
48,P48 Front,MP,R,Induced,2512,2532,,41,52,2512,42,12,2532
48,P48 Front,MP,Arch,Induced,2571,2597,,42,51,2571,43,17,2597
48,P48 Front,MP,30,Natural,2710,2729,,45,10,2710,45,29,2729
48,P48 Front,MP,32.5,Natural,2798,2805,,46,38,2798,46,45,2805
48,P48 Front,MP,60% 22.5,Natural,2895,2923,,48,15,2895,48,43,2923
48,P48 Front,CU,N,Natural,3082,3120,,51,22,3082,52,0,3120
48,P48 Front,PU,N,Natural,3304,3343,,55,4,3304,55,43,3343
49,P49 Front,BP,N,Induced,29,51,,0,29,29,0,51,51
49,P49 Front,BP,A,Induced,123,165,,2,3,123,2,45,165
49,P49 Front,BP,R,Induced,193,217,,3,13,193,3,37,217
49,P49 Front,BP,BB,Induced,273,292,,4,33,273,4,52,292
49,P49 Front,BP,Arch,Induced,346,372,,5,46,346,6,12,372
49,P49 Front,BP,20,Natural,501,518,,8,21,501,8,38,518
49,P49 Front,BP,25,Natural,625,634,,10,25,625,10,34,634
49,P49 Front,BP,30,Natural,766,776,,12,46,766,12,56,776
49,P49 Front,BP,32.5,Natural,892,902,,14,52,892,15,2,902
49,P49 Front,BP,60% 20,Natural,984,1014,,16,24,984,16,54,1014
49,P49 Front,Row,N,Induced,1265,1287,,21,5,1265,21,27,1287
49,P49 Front,Row,A,Induced,1322,1345,,22,2,1322,22,25,1345
49,P49 Front,Row,R,Induced,1369,1391,,22,49,1369,23,11,1391
49,P49 Front,Row,Ext,Induced,1429,1452,,23,49,1429,24,12,1452
49,P49 Front,Row,RB,Induced,1492,1513,,24,52,1492,25,13,1513
49,P49 Front,Row,25,Natural,1600,1617,,26,40,1600,26,57,1617
49,P49 Front,Row,30,Natural,1738,1747,,28,58,1738,29,7,1747
49,P49 Front,MP,N,Induced,2054,2077,,34,14,2054,34,37,2077
49,P49 Front,MP,A,Induced,2111,2144,,35,11,2111,35,44,2144
49,P49 Front,MP,R,Induced,2183,2212,,36,23,2183,36,52,2212
49,P49 Front,MP,Arch,Induced,2265,2295,,37,45,2265,38,15,2295
49,P49 Front,MP,20,Natrual,2518,2535,,41,58,2518,42,15,2535
49,P49 Front,MP,25,Natrual,2686,2698,,44,46,2686,44,58,2698
49,P49 Front,CU,N,Natrual,2986,3021,,49,46,2986,50,21,3021
49,P49 Front,PU,N,Natrual,3166,3195,,52,46,3166,53,15,3195
50,P50 Front,BP,N,Induced,72,89,,1,12,72,1,29,89
50,P50 Front,BP,A,Induced,128,163,,2,8,128,2,43,163
50,P50 Front,BP,R,Induced,186,206,,3,6,186,3,26,206
50,P50 Front,BP,BB,Induced,240,254,,4,0,240,4,14,254
50,P50 Front,BP,Arch,Induced,279,313,,4,39,279,5,13,313
50,P50 Front,BP,80,Natural,496,513,,8,16,496,8,33,513
50,P50 Front,BP,90,Natural,607,618,,10,7,607,10,18,618
50,P50 Front,BP,95,Natural,792,804,,13,12,792,13,24,804
50,P50 Front,BP,100,Natural,958,976,,15,58,958,16,16,976
50,P50 Front,BP,60% 60,Natural,1096,1140,,18,16,1096,19,0,1140
50,P50 Front,Row,N,Induced,1464,1482,,24,24,1464,24,42,1482
50,P50 Front,Row,A,Induced,1533,1559,,25,33,1533,25,59,1559
50,P50 Front,Row,R,Induced,1582,1602,,26,22,1582,26,42,1602
50,P50 Front,Row,Ext,Induced,1642,1661,,27,22,1642,27,41,1661
50,P50 Front,Row,RB,Induced,1713,1733,,28,33,1713,28,53,1733
50,P50 Front,Row,60,Natural,1885,1898,,31,25,1885,31,38,1898
50,P50 Front,Row,80,Natural,1963,1973,,32,43,1963,32,53,1973
50,P50 Front,Row,85,Natural,2123,2133,,35,23,2123,35,33,2133
50,P50 Front,Row,90,Natural,2370,2380,,39,30,2370,39,40,2380
50,P50 Front,Row,95,Natural,2461,2470,,41,1,2461,41,10,2470
50,P50 Front,Row,60% 55,Natural,2668,2700,,44,28,2668,45,0,2700
50,P50 Front,MP,N,Induced,2940,2964,,49,0,2940,49,24,2964
50,P50 Front,MP,A,Induced,3000,3026,,50,0,3000,50,26,3026
50,P50 Front,MP,R,Induced,3058,3079,,50,58,3058,51,19,3079
50,P50 Front,MP,Arch,Induced,3192,3212,,53,12,3192,53,32,3212
50,P50 Front,MP,30,Natural,3378,3390,,56,18,3378,56,30,3390
50,P50 Front,MP,45,Natural,3530,3537,,58,50,3530,58,57,3537
50,P50 Front,MP,55,Natural,3687,3695,,61,27,3687,61,35,3695
50,P50 Front,MP,60,Natural,3794,3805,,63,14,3794,63,25,3805
50,P50 Front,MP,60% 35,Natural,3955,4004,,65,55,3955,66,44,4004
50,P50 Front,CU,N,Natural,4466,4525,,74,26,4466,75,25,4525
50,P50 Front,PU,N,Natural,4695,4785,,78,15,4695,79,45,4785
51,P51 Front,BP,N,Induced,6,28,,0,6,6,0,28,28
51,P51 Front,BP,A,Induced,61,103,,1,1,61,1,43,103
51,P51 Front,BP,R,Induced,126,149,,2,6,126,2,29,149
51,P51 Front,BP,BB,Induced,187,210,,3,7,187,3,30,210
51,P51 Front,BP,Arch,Induced,254,280,,4,14,254,4,40,280
51,P51 Front,BP,55,Natural,399,413,,6,39,399,6,53,413
51,P51 Front,BP,62.5,Natural,691,699,,11,31,691,11,39,699
51,P51 Front,BP,67.5,Natural,763,772,,12,43,763,12,52,772
51,P51 Front,BP,60% 42.5,Natural,888,937,,14,48,888,15,37,937
51,P51 Front,Row,N,Induced,1245,1267,,20,45,1245,21,7,1267
51,P51 Front,Row,A,Induced,1312,1343,,21,52,1312,22,23,1343
51,P51 Front,Row,R,Induced,1376,1400,,22,56,1376,23,20,1400
51,P51 Front,Row,Ext,Induced,1438,1468,,23,58,1438,24,28,1468
51,P51 Front,Row,RB,Induced,1489,1518,,24,49,1489,25,18,1518
51,P51 Front,Row,30,Natural,1792,1807,,29,52,1792,30,7,1807
51,P51 Front,Row,35,Natural,1998,2007,,33,18,1998,33,27,2007
51,P51 Front,Row,37.5,Natural,2164,2174,,36,4,2164,36,14,2174
51,P51 Front,Row,42.5,Natural,2370,2379,,39,30,2370,39,39,2379
51,P51 Front,Row,47.5,Natural,2502,2510,,41,42,2502,41,50,2510
51,P51 Front,Row,52.5,Natural,2630,2640,,43,50,2630,44,0,2640
51,P51 Front,Row,60% 32.5,Natural,2783,2831,,46,23,2783,47,11,2831
51,P51 Front,MP,N,Induced,3252,3277,,54,12,3252,54,37,3277
51,P51 Front,MP,A,Induced,3323,3352,,55,23,3323,55,52,3352
51,P51 Front,MP,R,Induced,3388,3418,,56,28,3388,56,58,3418
51,P51 Front,MP,Arch,Induced,3457,3490,,57,37,3457,58,10,3490
51,P51 Front,MP,25,Natural,3658,3675,,60,58,3658,61,15,3675
51,P51 Front,MP,32.5,Natural,3762,3772,,62,42,3762,62,52,3772
51,P51 Front,MP,37.5,Natural,3895,3905,,64,55,3895,65,5,3905
51,P51 Front,MP,42.5,Natural,3986,3997,,66,26,3986,66,37,3997
51,P51 Front,MP,47.5,Natural,4080,4093,,68,0,4080,68,13,4093
51,P51 Front,MP,60% 30,Natural,4167,4200,,69,27,4167,70,0,4200
51,P51 Front,CU,N,Natural,4404,4428,,73,24,4404,73,48,4428
51,P51 Front,PU,N,Natural,4499,4528,,74,59,4499,75,28,4528
52,P52 Front,BP,N,Induced,5,22,,0,5,5,0,22,22
52,P52 Front,BP,A,Induced,71,99,,1,11,71,1,39,99
52,P52 Front,BP,R,Induced,120,142,,2,0,120,2,22,142
52,P52 Front,BP,BB,Induced,168,186,,2,48,168,3,6,186
52,P52 Front,BP,Arch,Induced,220,243,,3,40,220,4,3,243
52,P52 Front,BP,40,Natural,337,354,,5,37,337,5,54,354
52,P52 Front,BP,60,Natural,438,449,,7,18,438,7,29,449
52,P52 Front,BP,67.5,Natural,572,586,,9,32,572,9,46,586
52,P52 Front,BP,72.5,Natural,717,733,,11,57,717,12,13,733
52,P52 Front,BP,77.5,Natural,872,892,,14,32,872,14,52,892
52,P52 Front,BP,60% 50,Natural,982,1030,,16,22,982,17,10,1030
52,P52 Front,Row,N,Induced,1166,1216,,19,26,1166,20,16,1216
52,P52 Front,Row,A,Induced,1255,1276,,20,55,1255,21,16,1276
52,P52 Front,Row,R,Induced,1365,1384,,22,45,1365,23,4,1384
52,P52 Front,Row,Ext,Induced,1447,1471,,24,7,1447,24,31,1471
52,P52 Front,Row,RB,Induced,1522,1482,,25,22,1522,24,42,1482
52,P52 Front,Row,35,Natural,1640,1654,,27,20,1640,27,34,1654
52,P52 Front,Row,45,Natural,1722,1730,,28,42,1722,28,50,1730
52,P52 Front,Row,50,Natural,1788,1798,,29,48,1788,29,58,1798
52,P52 Front,Row,55,Natural,1871,1883,,31,11,1871,31,23,1883
52,P52 Front,Row,60,Natural,2014,2026,,33,34,2014,33,46,2026
52,P52 Front,Row,65,Natural,2121,2129,,35,21,2121,35,29,2129
52,P52 Front,Row,70,Natural,2233,2241,,37,13,2233,37,21,2241
52,P52 Front,Row,60% 45,Natural,2380,2431,,39,40,2380,40,31,2431
52,P52 Front,MP,N,Induced,2775,2803,,46,15,2775,46,43,2803
52,P52 Front,MP,A,Induced,2866,2893,,47,46,2866,48,13,2893
52,P52 Front,MP,R,Induced,2922,2956,,48,42,2922,49,16,2956
52,P52 Front,MP,Arch,Induced,2995,3024,,49,55,2995,50,24,3024
52,P52 Front,MP,45,Natural,3139,3157,,52,19,3139,52,37,3157
52,P52 Front,MP,47.5,Natural,3251,3268,,54,11,3251,54,28,3268
52,P52 Front,MP,60% 30,Natural,3351,3395,,55,51,3351,56,35,3395
52,P52 Front,CU,N,Natural,3516,3555,,58,36,3516,59,15,3555
52,P52 Front,PU,N,Natural,3757,3799,,62,37,3757,63,19,3799
53,P53 Front,BP,N,Induced,45,79,,0,45,45,1,19,79
53,P53 Front,BP,A,Induced,129,166,,2,9,129,2,46,166
53,P53 Front,BP,R,Induced,187,216,,3,7,187,3,36,216
53,P53 Front,BP,BB,Induced,298,323,,4,58,298,5,23,323
53,P53 Front,BP,Arch,Induced,463,492,,7,43,463,8,12,492
53,P53 Front,BP,20,Natural,609,629,,10,9,609,10,29,629
53,P53 Front,BP,30,Natural,791,804,,13,11,791,13,24,804
53,P53 Front,BP,60% 20,Natural,1104,1140,,18,24,1104,19,0,1140
53,P53 Front,Row,N,Induced,1463,1492,,24,23,1463,24,52,1492
53,P53 Front,Row,A,Induced,1549,1581,,25,49,1549,26,21,1581
53,P53 Front,Row,R,Induced,1603,1631,,26,43,1603,27,11,1631
53,P53 Front,Row,Ext,Induced,1665,1700,,27,45,1665,28,20,1700
53,P53 Front,Row,RB,Induced,1723,1748,,28,43,1723,29,8,1748
53,P53 Front,Row,25,Natural,1806,1826,,30,6,1806,30,26,1826
53,P53 Front,Row,30,Natural,1992,2002,,33,12,1992,33,22,2002
53,P53 Front,Row,35,Natural,2282,2293,,38,2,2282,38,13,2293
53,P53 Front,Row,40,Natural,2522,2534,,42,2,2522,42,14,2534
53,P53 Front,Row,45,Natural,2611,2623,,43,31,2611,43,43,2623
53,P53 Front,Row,60% 27.5,Natural,2728,2763,,45,28,2728,46,3,2763
53,P53 Front,MP,N,Induced,3055,3094,,50,55,3055,51,34,3094
53,P53 Front,MP,A,Induced,3122,3157,,52,2,3122,52,37,3157
53,P53 Front,MP,R,Induced,3190,3229,,53,10,3190,53,49,3229
53,P53 Front,MP,Arch,Induced,3274,3312,,54,34,3274,55,12,3312
53,P53 Front,MP,20,Natural,3376,3399,,56,16,3376,56,39,3399
53,P53 Front,MP,25,Natural,3628,3640,,60,28,3628,60,40,3640
53,P53 Front,MP,30,Natural,3946,3958,,65,46,3946,65,58,3958
53,P53 Front,MP,60% 20,Natural,4071,4088,,67,51,4071,68,8,4088
53,P53 Front,CU,N,Natural,4222,4249,,70,22,4222,70,49,4249
53,P53 Front,PU,N,Natural,4415,4430,,73,35,4415,73,50,4430
54,P54 Front,BP,N,Induced,50,85,,0,50,50,1,25,85
54,P54 Front,BP,A,Induced,166,206,,2,46,166,3,26,206
54,P54 Front,BP,R,Induced,228,262,,3,48,228,4,22,262
54,P54 Front,BP,BB,Induced,292,312,,4,52,292,5,12,312
54,P54 Front,BP,Arch,Induced,388,420,,6,28,388,7,0,420
54,P54 Front,BP,30,Natural,700,721,,11,40,700,12,1,721
54,P54 Front,BP,35,Natural,811,824,,13,31,811,13,44,824
54,P54 Front,BP,40,Natural,997,1005,,16,37,997,16,45,1005
54,P54 Front,BP,60% 22.5,Natural,1179,1239,,19,39,1179,20,39,1239
54,P54 Front,Row,N,Induced,1522,1547,,25,22,1522,25,47,1547
54,P54 Front,Row,A,Induced,1598,1627,,26,38,1598,27,7,1627
54,P54 Front,Row,R,Induced,1674,1697,,27,54,1674,28,17,1697
54,P54 Front,Row,Ext,Induced,1745,1771,,29,5,1745,29,31,1771
54,P54 Front,Row,RB,Induced,1819,1843,,30,19,1819,30,43,1843
54,P54 Front,Row,27.5,Natural,1990,2004,,33,10,1990,33,24,2004
54,P54 Front,Row,35,Natural,2174,2184,,36,14,2174,36,24,2184
54,P54 Front,Row,40,Natural,2288,2299,,38,8,2288,38,19,2299
54,P54 Front,Row,45,Natural,2625,2635,,43,45,2625,43,55,2635
54,P54 Front,Row,60% 25,Natural,2775,2834,,46,15,2775,47,14,2834
54,P54 Front,MP,N,Induced,3187,3217,,53,7,3187,53,37,3217
54,P54 Front,MP,A,Induced,3247,3281,,54,7,3247,54,41,3281
54,P54 Front,MP,R,Induced,3319,3349,,55,19,3319,55,49,3349
54,P54 Front,MP,Arch,Induced,3388,3422,,56,28,3388,57,2,3422
54,P54 Front,MP,20,Natural,3512,3538,,58,32,3512,58,58,3538
54,P54 Front,MP,25,Natural,3743,1587,,62,23,3743,26,27,1587
54,P54 Front,CU,N,Natural,3936,3951,,65,36,3936,65,51,3951
54,P54 Front,PU,N,Natural,4068,4113,,67,48,4068,68,33,4113
55,P55 Front,BP,N,Induced,53,72,,0,53,53,1,12,72
55,P55 Front,BP,A,Induced,125,153,,2,5,125,2,33,153
55,P55 Front,BP,R,Induced,172,193,,2,52,172,3,13,193
55,P55 Front,BP,BB,Induced,229,247,,3,49,229,4,7,247
55,P55 Front,BP,Arch,Induced,276,308,,4,36,276,5,8,308
55,P55 Front,BP,30,Natural,419,432,,6,59,419,7,12,432
55,P55 Front,BP,35,Natural,549,557,,9,9,549,9,17,557
55,P55 Front,BP,40,Natural,669,679,,11,9,669,11,19,679
55,P55 Front,BP,60% 22.5,Natural,928,987,,15,28,928,16,27,987
55,P55 Front,Row,N,Induced,1317,1337,,21,57,1317,22,17,1337
55,P55 Front,Row,A,Induced,1375,1401,,22,55,1375,23,21,1401
55,P55 Front,Row,R,Induced,1419,1441,,23,39,1419,24,1,1441
55,P55 Front,Row,Ext,Induced,1470,1494,,24,30,1470,24,54,1494
55,P55 Front,Row,RB,Induced,1528,1552,,25,28,1528,25,52,1552
55,P55 Front,Row,30,Natural,1957,1970,,32,37,1957,32,50,1970
55,P55 Front,Row,35,Natural,2122,2129,,35,22,2122,35,29,2129
55,P55 Front,Row,45,Natural,2236,2244,,37,16,2236,37,24,2244
55,P55 Front,Row,60% 27.5,Natural,2414,2461,,40,14,2414,41,1,2461
55,P55 Front,MP,N,Induced,2646,2667,,44,6,2646,44,27,2667
55,P55 Front,MP,A,Induced,2695,2720,,44,55,2695,45,20,2720
55,P55 Front,MP,R,Induced,2753,2776,,45,53,2753,46,16,2776
55,P55 Front,MP,Arch,Induced,2817,2839,,46,57,2817,47,19,2839
55,P55 Front,MP,20,Natural,2943,2964,,49,3,2943,49,24,2964
55,P55 Front,MP,25,Natural,3126,3129,,52,6,3126,52,9,3129
55,P55 Front,CU,N,Natural,3355,3391,,55,55,3355,56,31,3391
55,P55 Front,PU,N,Natural,3484,3541,,58,4,3484,59,1,3541